name,count,Stop_Number
,,40001
,,40002
Unheated Shelter,1,40003
,,40004
,,40005
Bench,1,40006
Bench,1,40007
Unheated Shelter,1,40007
,,40008
,,40009
,,40010
,,40011
,,40012
,,40013
,,40014
Bench,1,40015
Unheated Shelter,1,40016
,,40017
,,40018
,,40019
,,40020
,,40021
Unheated Shelter,1,40022
Unheated Shelter,1,40023
,,40024
,,40025
,,40026
,,40027
Bench,1,40028
,,40029
,,40030
,,40031
,,40032
,,40033
Bench,1,40034
Unheated Shelter,1,40034
,,40035
Bench,1,40036
Bench,1,40037
,,40038
,,40039
,,40040
Bench,1,40041
Bench,1,40042
Bench,1,40043
,,40044
,,40045
Bench,1,40046
Unheated Shelter,1,40046
,,40047
Bench,1,40048
Bench,1,40049
Unheated Shelter,1,40049
Unheated Shelter,1,40050
,,40051
,,40052
,,40053
,,40054
,,40055
,,40056
,,40058
Bench,1,40059
Unheated Shelter,1,40059
Bench,1,40061
Unheated Shelter,1,40061
Bench,1,40062
,,40063
,,40064
Bench,1,40065
Unheated Shelter,1,40065
Bench,1,40066
Unheated Shelter,1,40066
,,40067
,,40068
,,40069
Bench,1,40070
Unheated Shelter,1,40071
Bench,1,40072
Bench,1,40073
,,40074
,,40075
,,40076
Bench,1,40077
Unheated Shelter,1,40077
Bench,1,40078
,,40079
,,40080
,,40081
,,40082
,,40083
,,40084
,,40085
,,40086
,,40087
,,40088
,,40089
Bench,1,40090
Unheated Shelter,1,40090
Bench,1,40091
Bench,1,40092
Unheated Shelter,1,40092
Bench,1,40093
,,40094
Bench,1,40095
Bench,1,40096
Bench,1,40097
Bench,1,40098
,,40099
,,40100
,,40101
Unheated Shelter,1,40102
,,40103
,,40104
,,40105
,,40106
Bench,1,40107
,,40108
,,40109
Bench,1,40110
Bench,1,40111
Unheated Shelter,1,40111
Bench,1,40112
Bench,1,40113
Bench,1,40114
Bench,1,40115
Bench,1,40116
Bench,1,40117
Bench,1,40118
Bench,1,40119
Unheated Shelter,1,40119
Bench,2,40120
Bench,2,40121
,,40122
,,40123
,,40124
,,40125
Bench,1,40127
Bench,2,40128
Unheated Shelter,1,40128
,,40129
,,40130
,,40131
,,40132
Unheated Shelter,1,40133
Bench,1,40134
,,40136
,,40137
,,40138
,,40139
,,40140
,,40141
,,40142
,,40143
,,40144
,,40145
,,40146
,,40147
,,40148
,,40149
,,40150
,,40151
,,40152
,,40153
Bench,1,40154
Bench,1,40155
Unheated Shelter,1,40156
,,40157
Bench,2,40158
Bench,1,40159
,,40160
,,40161
Bench,1,40162
,,40164
,,40165
,,40166
Unheated Shelter,1,40167
,,40168
,,40169
Bench,1,40170
Bench,1,40171
,,40172
,,40173
Bench,1,40174
Heated Shelter,1,40174
Park and Ride,1,40174
Bench,1,40175
Unheated Shelter,1,40175
,,40176
,,40177
Bench,1,40178
Bench,1,40179
,,40180
,,40181
Bench,1,40182
,,40183
Bench,1,40184
Bench,1,40185
BUSwatch Electronic Sign,1,40186
Bench,3,40186
Heated Shelter,1,40186
Park and Ride,1,40186
Bench,1,40187
Unheated Shelter,1,40187
Bench,1,40188
Bench,1,40189
Bench,1,40190
Bench,1,40191
Bench,1,40193
Unheated Shelter,1,40194
BUSwatch Electronic Sign,1,40195
Bench,2,40195
Heated Shelter,1,40195
Bench,1,40196
Unheated Shelter,1,40196
Bench,1,40197
Unheated Shelter,1,40197
Bench,1,40198
Bench,1,40199
,,40200
Bench,1,40201
,,40202
,,40203
Unheated Shelter,1,40204
,,40205
Bench,1,40206
Bench,1,40207
Unheated Shelter,1,40207
Bench,1,40208
Bench,1,40209
Unheated Shelter,1,40209
Bench,1,40210
Bench,1,40211
Bench,1,40212
,,40213
Bench,1,40214
Unheated Shelter,1,40215
,,40216
,,40217
,,40218
Bench,1,40219
,,40220
Bench,1,40222
Unheated Shelter,1,40223
Unheated Shelter,1,40224
Bench,1,40225
Unheated Shelter,1,40225
Bench,1,40226
Bench,1,40228
Bench,1,40229
Unheated Shelter,1,40229
Bench,1,40230
Unheated Shelter,1,40230
,,40231
,,40232
Bench,1,40233
,,40234
Bench,1,40235
Unheated Shelter,1,40235
Bench,1,40236
,,40237
,,40238
,,40239
,,40240
,,40241
Unheated Shelter,1,40242
Bench,1,40243
,,40244
,,40245
,,40246
,,40247
,,40248
,,40249
,,40250
,,40251
,,40252
,,40253
Bench,1,40254
Unheated Shelter,1,40254
,,40255
,,40256
,,40257
,,40258
Bench,1,40259
Unheated Shelter,1,40260
,,40261
,,40262
Bench,1,40263
,,40264
Bench,1,40265
Unheated Shelter,1,40265
,,40266
,,40267
,,40268
,,40269
,,40270
Unheated Shelter,1,40271
,,40272
,,40273
,,40274
,,40275
,,40276
,,40277
,,40278
,,40279
Bench,1,40280
Bench,1,40281
,,40282
,,40283
,,40284
,,40285
,,40286
Bench,1,40287
,,40288
,,40289
Bench,1,40290
Unheated Shelter,1,40290
Bench,1,40291
,,40292
Bench,1,40293
Bench,1,40294
Bench,1,40295
,,40296
,,40297
,,40298
,,40299
Unheated Shelter,1,40300
,,40301
,,40302
,,40303
,,40304
,,40305
,,40306
,,40307
Bench,1,40308
,,40309
,,40310
,,40311
Bench,1,40312
Unheated Shelter,1,40312
,,40313
Bench,1,40314
Unheated Shelter,1,40314
Unheated Shelter,1,40315
Unheated Shelter,1,40316
,,40317
,,40318
,,40319
Bench,1,40320
,,40321
Bench,1,40322
Bench,1,40323
,,40324
,,40325
,,40326
,,40327
,,40328
,,40329
,,40330
,,40331
,,40332
,,40333
,,40334
Unheated Shelter,1,40335
Bench,1,40336
Bench,1,40337
Unheated Shelter,1,40337
Unheated Shelter,1,40338
,,40339
,,40340
Unheated Shelter,1,40341
Bench,1,40342
Bench,1,40343
Bench,1,40344
Unheated Shelter,1,40345
Unheated Shelter,1,40346
,,40347
Unheated Shelter,1,40348
Bench,1,40349
Bench,1,40350
Bench,1,40351
Bench,1,40352
Bench,1,40353
,,40354
,,40355
,,40356
Bench,1,40357
,,40358
,,40359
,,40360
,,40361
,,40362
,,40363
,,40364
,,40365
,,40369
,,40370
Bench,1,40371
Bench,1,40372
Bench,1,40373
,,40374
,,40375
,,40376
Bench,1,40377
,,40378
Bench,1,40379
,,40380
Bench,1,40381
,,40382
Bench,1,40383
Bench,1,40384
Bench,1,40385
Unheated Shelter,1,40385
Bench,1,40387
Bench,1,40388
,,40389
Bench,1,40390
Unheated Shelter,1,40390
Bench,1,40391
Bench,1,40392
Bench,1,40393
Unheated Shelter,1,40393
Bench,1,40394
Unheated Shelter,1,40394
Bench,1,40395
,,40396
,,40397
Bench,1,40398
Bench,1,40399
Bench,1,40400
Bench,1,40401
Bench,1,40402
Bench,1,40403
Bench,1,40404
Unheated Shelter,1,40404
,,40405
,,40406
,,40407
Bench,1,40408
Unheated Shelter,1,40408
Bench,1,40409
Unheated Shelter,1,40409
Bench,1,40410
Unheated Shelter,1,40410
Bench,1,40411
Unheated Shelter,1,40411
Bench,1,40412
Unheated Shelter,1,40412
Bench,1,40414
Unheated Shelter,1,40414
Bench,1,40415
Unheated Shelter,1,40415
,,40416
Unheated Shelter,1,40417
Bench,1,40418
,,40419
Bench,3,40420
Unheated Shelter,1,40420
Unheated Shelter,1,40421
Bench,1,40422
BUSwatch Electronic Sign,1,40423
Bench,1,40423
Heated Shelter,1,40423
Bench,1,40424
Bench,1,40425
,,40426
,,40427
Bench,1,40428
Unheated Shelter,1,40428
,,40429
,,40430
,,40431
Bench,1,40432
,,40433
,,40434
,,40435
Bench,1,40436
,,40437
Bench,1,40438
,,40439
,,40440
Bench,1,40441
,,40442
,,40443
Bench,1,40445
,,40446
Bench,1,40447
Bench,1,40448
Unheated Shelter,1,40448
,,40449
Bench,1,40450
,,40451
,,40452
,,40453
,,40454
Bench,1,40455
,,40456
,,40457
,,40458
,,40459
,,40460
,,40461
,,40462
,,40463
Unheated Shelter,1,40464
,,40465
,,40466
,,40467
,,40469
Bench,1,40470
,,40471
Unheated Shelter,1,40472
,,40473
,,40474
,,40475
,,40476
,,40477
,,40478
,,40479
,,40481
,,40482
Unheated Shelter,1,40483
Bench,1,40484
Unheated Shelter,1,40484
,,40485
,,40486
Bench,1,40487
,,40488
,,40489
,,40490
,,40491
,,40492
,,40493
Bench,1,40494
Unheated Shelter,1,40494
,,40495
,,40496
,,40497
,,40498
,,40499
,,40500
,,40501
,,40502
Unheated Shelter,1,40503
,,40504
,,40505
,,40506
Bench,1,40507
,,40508
,,40509
Unheated Shelter,1,40510
,,40511
,,40512
Bench,1,40513
,,40514
Bench,1,40515
,,40516
,,40517
,,40518
,,40519
,,40520
,,40521
,,40522
Bench,1,40523
Unheated Shelter,1,40523
Bench,1,40524
Unheated Shelter,1,40524
Bench,1,40525
,,40526
,,40527
Bench,1,40528
,,40529
Bench,1,40530
,,40531
,,40532
Bench,1,40533
,,40534
Bench,1,40535
,,40536
,,40538
,,40539
,,40540
,,40541
,,40542
,,40543
,,40544
,,40545
,,40546
,,40547
,,40548
Bench,1,40549
Unheated Shelter,1,40549
,,40550
,,40551
,,40552
,,40553
,,40554
Unheated Shelter,1,40555
,,40556
,,40557
,,40558
Bench,1,40559
,,40560
Bench,1,40561
Bench,1,40562
,,40563
Bench,1,40564
Bench,1,40565
Bench,1,40566
Bench,1,40567
Bench,1,40568
Bench,1,40569
Bench,1,40570
,,40571
,,40572
,,40573
,,40574
,,40575
,,40576
,,40577
,,40578
,,40579
,,40580
,,40581
,,40582
Unheated Shelter,1,40583
,,40584
,,40585
,,40586
,,40588
,,40589
,,40590
,,40591
Bench,1,40592
,,40593
,,40594
,,40595
,,40596
,,40597
Unheated Shelter,1,40600
,,40601
,,40602
,,40603
,,40604
,,40605
,,40606
,,40607
,,40608
,,40609
,,40610
,,40611
,,40612
,,40613
,,40614
,,40615
Unheated Shelter,1,40616
,,40617
,,40618
,,40619
,,40620
,,40621
,,40622
,,40623
,,40624
,,40625
,,40626
,,40629
Bench,1,40630
Unheated Shelter,1,40630
,,40631
,,40632
,,40633
Bench,1,40634
,,40635
,,40636
Bench,1,40637
Heated Shelter,1,40637
Bench,1,40638
,,40639
Bench,1,40640
Bench,1,40642
Unheated Shelter,1,40644
Bench,1,40645
,,40646
,,40647
,,40648
,,40649
,,40650
,,40651
,,40652
,,40653
,,40654
,,40655
,,40656
,,40657
,,40658
Bench,1,40659
,,40660
,,40661
Bench,1,40662
,,40663
,,40664
,,40665
,,40666
,,40667
Bench,1,40668
Unheated Shelter,1,40668
,,40669
,,40670
Bench,1,40671
Bench,1,40672
Unheated Shelter,1,40672
,,40673
,,40674
Bench,1,40675
Unheated Shelter,1,40675
Bench,1,40676
,,40679
Bench,1,40681
Bench,1,40682
Bench,1,40683
Bench,1,40684
Bench,1,40685
,,40686
,,40687
,,40688
,,40689
,,40690
,,40691
,,40692
Bench,1,40693
,,40694
,,40695
Bench,1,40696
,,40697
,,40698
,,40700
Bench,1,40701
Bench,1,40702
,,40703
Bench,1,40704
Unheated Shelter,1,40704
,,40705
,,40706
,,40707
,,40709
,,40710
,,40711
,,40712
,,40713
,,40714
,,40716
Unheated Shelter,1,40717
,,40718
Bench,1,40719
Bench,1,40720
Unheated Shelter,1,40720
,,40721
,,40722
,,40723
,,40724
,,40725
,,40726
,,40727
,,40728
,,40729
,,40730
,,40731
,,40732
,,40733
,,40734
Bench,1,40735
Bench,1,40736
Bench,1,40737
,,40738
,,40739
,,40740
,,40741
Bench,1,40742
Bench,1,40743
Bench,1,40744
Bench,1,40745
Unheated Shelter,1,40745
Bench,1,40746
,,40747
,,40749
Bench,1,40750
,,40752
,,40753
,,40754
,,40755
,,40756
Bench,1,40757
,,40758
Bench,1,40759
,,40767
Bench,1,40768
,,40769
Bench,1,40771
Bench,1,40772
Unheated Shelter,1,40772
Bench,1,40773
Bench,1,40774
,,40775
,,40776
Bench,1,40777
Bench,1,40778
,,40780
BUSwatch Electronic Sign,1,40784
Park and Ride,1,40784
BUSwatch Electronic Sign,1,40785
Park and Ride,1,40785
BUSwatch Electronic Sign,1,40786
Park and Ride,1,40786
BUSwatch Electronic Sign,1,40787
Heated Shelter,1,40787
BUSwatch Electronic Sign,1,40788
Bench,2,40788
BUSwatch Electronic Sign,1,40789
Heated Shelter,1,40789
Bench,1,40790
,,40792
Unheated Shelter,1,40793
,,40794
,,40795
,,40796
,,40797
,,40798
,,40799
Bench,1,40800
,,40801
,,40802
,,40803
Bench,1,40804
Unheated Shelter,1,40805
,,40808
Unheated Shelter,1,40810
,,40811
,,40812
,,40813
,,40814
,,40815
,,40816
,,40817
,,40818
Bench,1,40823
,,40824
,,40825
,,40826
,,40827
,,40828
Bench,1,40829
,,40830
Bench,1,40831
Bench,1,40832
,,40833
Unheated Shelter,1,40834
Bench,1,40835
,,40836
,,40837
,,40838
Bench,1,40839
,,40844
,,40845
,,40846
Unheated Shelter,1,40847
,,40848
,,40852
,,40853
,,40856
,,40857
,,40858
,,40860
,,40861
,,40862
,,40863
,,40864
,,40865
,,40870
Bench,1,40871
,,40872
Unheated Shelter,1,40873
,,40874
,,40875
,,40876
,,40877
,,40879
,,40880
,,40881
,,40882
,,40883
,,40884
,,40885
,,40886
,,40887
,,40888
,,40889
,,40890
,,40891
,,40892
,,40893
,,40894
,,40895
,,40896
,,40897
,,40901
,,40902
,,40903
,,40904
,,40905
,,40906
,,40907
,,40908
,,40909
,,40910
,,40911
,,40912
,,40913
,,40914
Bench,1,10001
Unheated Shelter,1,10001
Bench,1,10002
,,10003
,,10004
Bench,1,10005
Unheated Shelter,1,10006
Bench,1,10007
Bench,1,10008
Bench,1,10009
Unheated Shelter,1,10009
,,10010
,,10011
,,10012
,,10013
,,10014
,,10017
,,10018
,,10021
,,10022
,,10023
,,10024
,,10025
,,10026
,,10027
,,10028
,,10029
,,10030
,,10031
,,10032
,,10033
Unheated Shelter,1,10034
,,10035
,,10036
,,10037
,,10038
,,10039
,,10040
,,10041
Bench,1,10042
,,10043
,,10044
,,10045
,,10046
Bench,1,10047
,,10048
,,10049
Bench,1,10050
,,10051
,,10052
,,10053
,,10054
,,10055
,,10056
Bench,1,10057
Unheated Shelter,1,10057
,,10058
,,10059
Unheated Shelter,1,10060
Bench,1,10061
,,10062
Heated Shelter,1,10063
Bench,1,10064
Unheated Shelter,1,10064
Bench,1,10065
Unheated Shelter,1,10065
BUSwatch Electronic Sign,1,10066
Bench,1,10066
Heated Shelter,1,10066
BUSwatch Electronic Sign,1,10067
Bench,2,10067
Bike Rack/Locker,2,10067
Heated Shelter,1,10067
BUSwatch Electronic Sign,1,10068
Bench,2,10068
Heated Shelter,1,10068
Bench,1,10070
Unheated Shelter,1,10070
Bench,1,10071
Unheated Shelter,1,10071
Bench,1,10072
Bench,1,10073
Unheated Shelter,1,10073
Bench,1,10075
Unheated Shelter,1,10075
Bench,1,10076
Unheated Shelter,1,10076
Bench,1,10077
Bench,1,10078
Unheated Shelter,1,10078
Bench,1,10079
,,10080
Bench,1,10081
Unheated Shelter,1,10081
Bench,1,10082
,,10083
BUSwatch Electronic Sign,1,10085
Bench,1,10085
Unheated Shelter,1,10085
BUSwatch Electronic Sign,1,10086
Bench,2,10086
Heated Shelter,1,10086
Bench,1,10087
Bench,1,10088
,,10089
,,10090
,,10091
Bench,1,10092
Bench,1,10093
Unheated Shelter,1,10093
Bench,1,10094
Unheated Shelter,1,10094
,,10095
,,10096
,,10097
,,10098
,,10099
,,10100
Bench,1,10101
Bench,1,10102
Unheated Shelter,1,10102
,,10103
,,10104
,,10105
,,10106
,,10107
,,10108
Bench,1,10109
Bench,1,10110
Bench,1,10111
Bench,1,10112
Unheated Shelter,1,10112
Bench,1,10113
Bench,1,10114
Unheated Shelter,1,10114
Bench,1,10115
Unheated Shelter,1,10115
,,10116
Unheated Shelter,1,10117
,,10118
,,10119
,,10120
,,10121
Bench,1,10122
Unheated Shelter,1,10123
,,10124
,,10125
,,10126
Bench,1,10127
Bench,1,10128
Bench,1,10129
,,10130
Bench,1,10131
Unheated Shelter,1,10131
Unheated Shelter,1,10132
Bench,1,10134
Unheated Shelter,1,10134
,,10135
Bench,1,10138
Bench,1,10140
Bench,1,10141
Unheated Shelter,1,10141
Bench,1,10142
Bench,1,10143
Unheated Shelter,1,10143
Bench,1,10144
Bench,1,10145
Unheated Shelter,1,10145
Bench,1,10146
Bench,1,10147
Unheated Shelter,1,10147
,,10148
Bench,1,10149
Unheated Shelter,1,10150
Bench,1,10156
Bench,1,10157
Bench,1,10158
Unheated Shelter,1,10158
BUSwatch Electronic Sign,1,10159
Bench,2,10159
Unheated Shelter,1,10159
,,10161
Bench,1,10162
,,10167
,,10168
,,10169
Bench,1,10170
BUSwatch Electronic Sign,1,10171
Bench,1,10171
Heated Shelter,1,10171
BUSwatch Electronic Sign,1,10172
Bench,2,10172
Unheated Shelter,1,10172
Bench,2,10173
Unheated Shelter,1,10173
Bench,1,10174
Bench,1,10175
,,10176
Bench,1,10177
Bench,1,10178
Bench,1,10179
Bench,1,10180
Unheated Shelter,1,10180
Bench,1,10181
Bench,1,10182
Unheated Shelter,1,10182
Bench,2,10183
Unheated Shelter,1,10183
,,10184
Bench,1,10185
Unheated Shelter,1,10185
Bench,2,10186
Heated Shelter,1,10186
Bench,1,10187
Bench,1,10188
Bench,1,10189
Bench,1,10190
,,10194
,,10195
Unheated Shelter,1,10196
Bench,1,10197
Unheated Shelter,1,10197
,,10198
,,10199
Bench,1,10200
Unheated Shelter,1,10200
Bench,1,10201
,,10202
Bench,1,10205
Unheated Shelter,1,10205
Bench,1,10206
Unheated Shelter,1,10206
Bench,1,10207
,,10208
,,10211
,,10214
Bench,1,10228
Unheated Shelter,1,10228
Bench,1,10229
,,10230
,,10231
Bench,1,10232
Heated Shelter,1,10232
,,10233
,,10234
,,10235
,,10236
,,10237
,,10238
,,10239
,,10240
,,10241
,,10242
,,10243
,,10244
,,10245
,,10246
,,10247
,,10248
,,10249
,,10250
,,10251
,,10252
,,10253
,,10254
,,10255
,,10256
,,10257
,,10258
,,10259
,,10260
,,10261
,,10262
,,10263
,,10264
,,10265
,,10266
,,10267
,,10268
,,10269
,,10270
,,10271
,,10274
Unheated Shelter,1,10276
Unheated Shelter,1,10279
Unheated Shelter,1,10281
,,10282
,,10283
Bench,1,10284
Unheated Shelter,1,10284
,,10285
,,10286
,,10287
,,10288
,,10289
,,10290
Bench,1,10291
,,10292
,,10293
,,10294
Bench,1,10295
Bench,1,10296
,,10297
,,10298
Bench,2,10299
,,10300
Bench,1,10301
BUSwatch Electronic Sign,1,10302
Bench,2,10302
Unheated Shelter,1,10302
Unheated Shelter,1,10303
Bench,1,10304
Unheated Shelter,1,10305
,,10306
,,10307
,,10309
Unheated Shelter,1,10310
,,10311
,,10312
,,10313
,,10314
,,10315
,,10316
Bench,2,10317
Unheated Shelter,1,10317
,,10318
,,10319
,,10320
,,10321
,,10322
BUSwatch Electronic Sign,1,10323
,,10324
,,10325
,,10326
,,10327
,,10328
Bench,1,10329
,,10330
,,10331
,,10332
,,10333
,,10334
,,10335
,,10336
,,10337
,,10338
,,10339
,,10340
Bench,1,10341
Unheated Shelter,1,10342
,,10343
,,10344
,,10345
,,10346
Bench,2,10347
,,10348
,,10349
,,10351
,,10352
,,10353
,,10354
,,10355
,,10356
,,10357
,,10358
,,10359
,,10360
Bench,1,10363
Bench,1,10365
Bench,1,10366
Bench,1,10367
,,10368
Bench,1,10369
Bench,1,10370
,,10371
Bench,1,10372
,,10373
Bench,1,10374
Bench,1,10375
Bench,1,10376
Bench,1,10377
Bench,1,10378
,,10379
,,10380
,,10381
,,10383
Bench,1,10384
,,10385
Bench,1,10386
,,10387
,,10388
,,10389
Bench,1,10390
Unheated Shelter,1,10390
,,10391
Bench,1,10392
,,10393
,,10394
,,10395
,,10396
,,10397
,,10398
,,10399
Bench,1,10400
Unheated Shelter,1,10400
,,10401
,,10402
,,10403
Unheated Shelter,1,10404
,,10405
Unheated Shelter,1,10406
Heated Shelter,1,10407
Unheated Shelter,1,10408
,,10409
,,10410
,,10411
,,10412
Bench,1,10413
Bench,1,10414
Unheated Shelter,1,10414
,,10415
BUSwatch Electronic Sign,1,10417
Bench,1,10417
Unheated Shelter,1,10417
,,10418
,,10419
Unheated Shelter,1,10420
,,10421
BUSwatch Electronic Sign,1,10422
Bench,1,10422
Unheated Shelter,1,10422
BUSwatch Electronic Sign,1,10423
Bench,1,10423
Unheated Shelter,1,10423
Bench,1,10424
Unheated Shelter,1,10424
,,10425
Heated Shelter,1,10426
,,10427
Bench,1,10428
Unheated Shelter,1,10429
,,10430
,,10431
Bench,1,10432
Unheated Shelter,1,10432
,,10433
Bench,1,10434
Unheated Shelter,1,10434
,,10435
Unheated Shelter,1,10436
,,10437
Unheated Shelter,1,10438
,,10439
,,10441
Bench,1,10442
Unheated Shelter,1,10442
,,10443
,,10444
,,10445
,,10446
,,10447
Unheated Shelter,1,10448
,,10449
Bench,1,10450
,,10451
,,10452
,,10453
Bench,1,10454
Unheated Shelter,1,10454
,,10455
,,10456
,,10457
Bench,1,10458
Unheated Shelter,1,10458
,,10459
Unheated Shelter,1,10460
Bench,1,10461
Bench,1,10462
,,10463
,,10464
,,10465
,,10466
,,10467
,,10468
,,10469
Bench,1,10470
,,10471
,,10472
,,10473
,,10474
,,10475
,,10476
Bench,1,10477
,,10478
Bench,1,10479
,,10480
,,10481
Bench,1,10482
Bench,1,10483
,,10484
,,10485
,,10486
,,10487
,,10488
Bench,1,10489
,,10490
Unheated Shelter,1,10491
,,10492
Bench,1,10493
Bench,1,10494
Bench,1,10495
Bench,1,10496
Unheated Shelter,1,10496
Bench,1,10497
Bench,1,10498
Unheated Shelter,1,10498
,,10499
,,10500
,,10501
,,10502
Bench,1,10503
,,10504
,,10505
,,10506
,,10507
,,10508
,,10509
,,10510
,,10511
,,10512
,,10513
,,10514
,,10515
,,10516
,,10517
,,10518
Bench,1,10519
Bench,1,10520
,,10521
,,10522
,,10523
,,10524
,,10525
,,10526
BUSwatch Electronic Sign,1,10527
Unheated Shelter,1,10527
,,10528
,,10529
,,10530
,,10531
Bench,1,10533
Unheated Shelter,1,10533
,,10534
Bench,1,10535
,,10536
,,10538
BUSwatch Electronic Sign,1,10541
Bench,2,10541
Unheated Shelter,1,10541
BUSwatch Electronic Sign,1,10542
Bench,2,10542
Heated Shelter,1,10542
BUSwatch Electronic Sign,1,10543
Heated Shelter,1,10543
BUSwatch Electronic Sign,1,10545
Bench,2,10545
Heated Shelter,1,10545
BUSwatch Electronic Sign,1,10546
Bench,2,10546
Heated Shelter,1,10546
Bench,1,10547
Unheated Shelter,1,10547
BUSwatch Electronic Sign,1,10548
Bench,1,10548
Unheated Shelter,1,10548
Bench,1,10549
Unheated Shelter,1,10549
Bench,1,10550
Bench,1,10551
Bench,1,10552
Heated Shelter,1,10552
Bench,1,10553
Bench,1,10555
Bench,1,10556
Bench,1,10557
Unheated Shelter,1,10557
Unheated Shelter,1,10558
Bench,1,10559
BUSwatch Electronic Sign,1,10561
Bench,2,10561
Heated Shelter,1,10561
BUSwatch Electronic Sign,1,10562
Bench,2,10562
Heated Shelter,1,10562
Bench,1,10563
Unheated Shelter,1,10563
Bench,1,10564
Unheated Shelter,1,10564
Bench,1,10565
Unheated Shelter,1,10565
Bench,1,10566
Bench,1,10567
Unheated Shelter,1,10567
Bench,1,10568
Bench,1,10569
Unheated Shelter,1,10569
Bench,1,10570
Unheated Shelter,1,10570
Bench,1,10571
Bike Rack/Locker,1,10571
Bench,2,10572
Bench,1,10573
Unheated Shelter,1,10573
Bench,1,10574
Unheated Shelter,1,10574
Bench,1,10575
Unheated Shelter,1,10575
BUSwatch Electronic Sign,1,10576
Bench,1,10576
Unheated Shelter,1,10576
Bench,1,10577
Heated Shelter,1,10577
Bench,1,10578
Heated Shelter,1,10578
BUSwatch Electronic Sign,1,10579
Bench,1,10579
Heated Shelter,1,10579
BUSwatch Electronic Sign,1,10580
Bench,2,10580
Heated Shelter,1,10580
BUSwatch Electronic Sign,1,10581
Bench,1,10581
Heated Shelter,1,10581
BUSwatch Electronic Sign,1,10582
Bench,2,10582
Heated Shelter,1,10582
BUSwatch Electronic Sign,1,10583
Bench,2,10583
Heated Shelter,1,10583
,,10584
BUSwatch Electronic Sign,1,10585
Bench,2,10585
Heated Shelter,1,10585
Bench,1,10586
Unheated Shelter,1,10586
,,10587
Bench,1,10588
Unheated Shelter,1,10588
Bench,1,10589
Bench,1,10590
Unheated Shelter,1,10590
Bench,1,10591
Unheated Shelter,1,10591
Bench,1,10592
Unheated Shelter,1,10592
Bench,2,10593
Unheated Shelter,1,10593
Bench,1,10594
Unheated Shelter,1,10594
Bench,1,10595
BUSwatch Electronic Sign,1,10596
Bench,1,10596
Heated Shelter,1,10596
Unheated Shelter,1,10598
BUSwatch Electronic Sign,1,10599
Bench,1,10599
Heated Shelter,1,10599
Unheated Shelter,1,10600
,,10602
Bench,1,10604
Bench,1,10607
Bench,1,10608
,,10609
BUSwatch Electronic Sign,1,10611
Bench,2,10611
Heated Shelter,1,10611
BUSwatch Electronic Sign,1,10612
Bench,2,10612
Heated Shelter,1,10612
BUSwatch Electronic Sign,1,10614
Bench,2,10614
Heated Shelter,1,10614
BUSwatch Electronic Sign,1,10615
Bench,2,10615
Heated Shelter,1,10615
Heated Shelter,1,10616
BUSwatch Electronic Sign,1,10617
Bench,2,10617
Heated Shelter,1,10617
BUSwatch Electronic Sign,1,10618
Heated Shelter,1,10618
BUSwatch Electronic Sign,1,10619
Bench,3,10619
Heated Shelter,1,10619
,,10620
,,10623
Bench,1,10624
Unheated Shelter,1,10624
BUSwatch Electronic Sign,1,10625
Bench,2,10625
Unheated Shelter,1,10625
Bench,1,10627
Bench,2,10628
Unheated Shelter,1,10628
BUSwatch Electronic Sign,1,10629
Bench,3,10629
Heated Shelter,1,10629
Bench,1,10630
Unheated Shelter,1,10630
Bench,1,10631
Unheated Shelter,1,10631
BUSwatch Electronic Sign,1,10632
Bench,1,10632
Unheated Shelter,1,10632
,,10633
Bench,1,10634
Unheated Shelter,1,10634
BUSwatch Electronic Sign,1,10635
Bench,2,10635
Heated Shelter,1,10635
BUSwatch Electronic Sign,1,10636
Bench,4,10636
Unheated Shelter,1,10636
Unheated Shelter,1,10637
BUSwatch Electronic Sign,1,10638
Bench,1,10638
Heated Shelter,1,10638
Unheated Shelter,1,10639
,,10640
BUSwatch Electronic Sign,1,10641
Bench,2,10641
Heated Shelter,1,10641
BUSwatch Electronic Sign,1,10642
Bench,2,10642
Unheated Shelter,1,10642
,,10643
Bench,1,10644
Heated Shelter,1,10644
Bench,1,10645
Bench,1,10646
Bench,1,10648
Bench,1,10649
Bench,1,10650
Unheated Shelter,1,10650
,,10651
Bench,2,10652
Unheated Shelter,1,10652
Bench,1,10653
,,10654
,,10655
,,10656
,,10657
,,10658
,,10664
,,10665
,,10666
,,10667
,,10668
,,10669
,,10670
Bench,1,10671
Bench,1,10672
Bench,1,10676
,,10685
Unheated Shelter,1,10686
Unheated Shelter,1,10687
Unheated Shelter,1,10695
,,10696
,,10699
Bench,1,10700
Bench,1,10701
Bench,1,10702
Unheated Shelter,1,10703
BUSwatch Electronic Sign,1,10704
Heated Shelter,1,10704
Unheated Shelter,1,10706
Heated Shelter,1,10707
,,10709
,,10710
Bench,1,10712
,,10713
Bench,1,10714
Bench,1,10715
Bench,1,10716
Bench,1,10719
Unheated Shelter,1,10719
Bench,1,10720
Unheated Shelter,1,10720
Bench,1,10721
,,10722
,,10723
,,10724
,,10725
,,10726
,,10727
,,10728
,,10729
Bench,1,10730
,,10732
,,10733
Bench,1,10735
Unheated Shelter,1,10735
,,10736
Bench,1,10737
Bench,1,10740
Bench,1,10741
Unheated Shelter,1,10743
Bench,1,10744
,,10745
,,10746
,,10747
,,10748
,,10749
,,10750
,,10751
Bench,1,10752
,,10753
,,10754
,,10755
,,10756
,,10757
Bench,1,10758
Unheated Shelter,1,10758
Bench,1,10759
Unheated Shelter,1,10759
Bench,1,10760
,,10761
,,10762
,,10763
,,10764
,,10765
Bench,1,10766
,,10767
,,10768
,,10769
,,10770
,,10771
Bench,1,10772
,,10773
,,10775
,,10776
,,10777
,,10778
Bench,1,10779
Bench,1,10780
Bench,1,10781
Unheated Shelter,1,10781
BUSwatch Electronic Sign,1,10782
Bench,1,10782
Heated Shelter,1,10782
Bench,1,10783
Bench,1,10784
Bench,1,10785
Unheated Shelter,1,10785
Bench,1,10786
Unheated Shelter,1,10786
Bench,1,10787
Unheated Shelter,1,10788
Bench,1,10789
,,10790
,,10791
,,10792
,,10793
,,10794
,,10795
,,10796
,,10797
,,10798
,,10800
Bench,1,10801
Unheated Shelter,1,10801
,,10802
Bench,1,10803
Bench,2,10804
,,10805
,,10806
Bench,1,10808
,,10810
,,10811
,,10812
,,10813
,,10814
Unheated Shelter,1,10815
,,10817
,,10818
,,10819
Bench,1,10820
,,10821
BUSwatch Electronic Sign,1,10822
BUSwatch Electronic Sign,1,10823
Bench,2,10823
Heated Shelter,1,10823
BUSwatch Electronic Sign,1,10824
Heated Shelter,1,10824
BUSwatch Electronic Sign,1,10825
Bench,1,10825
BUSwatch Electronic Sign,1,10826
Bench,1,10826
BUSwatch Electronic Sign,1,10827
Heated Shelter,1,10827
Bench,1,10830
Unheated Shelter,1,10830
,,10832
,,10834
Heated Shelter,1,10835
,,10836
,,10837
Bench,1,10838
Bench,1,10839
Unheated Shelter,1,10840
,,10841
BUSwatch Electronic Sign,1,10844
Bench,2,10844
BUSwatch Electronic Sign,1,10845
Bench,2,10845
BUSwatch Electronic Sign,1,10846
Bench,2,10846
Unheated Shelter,1,10864
BUSwatch Electronic Sign,1,10870
Bench,1,10870
Heated Shelter,1,10870
,,10872
Bench,1,10874
Unheated Shelter,1,10874
,,10875
Bench,1,10877
Unheated Shelter,1,10877
,,10878
BUSwatch Electronic Sign,1,10880
Bench,1,10880
BUSwatch Electronic Sign,1,10881
,,10901
,,10902
Unheated Shelter,1,10904
BUSwatch Electronic Sign,1,10907
Bench,1,10907
Heated Shelter,1,10907
,,10910
Bench,1,10911
,,10939
,,11010
,,11016
,,11022
Bench,1,11023
,,11024
Unheated Shelter,1,11025
BUSwatch Electronic Sign,1,11027
Bench,2,11027
Bike Rack/Locker,2,11027
Heated Shelter,1,11027
BUSwatch Electronic Sign,1,11028
Bench,3,11028
Bike Rack/Locker,1,11028
BUSwatch Electronic Sign,1,11029
Bench,6,11029
Bike Rack/Locker,2,11029
Heated Shelter,1,11029
BUSwatch Electronic Sign,1,11030
Bench,6,11030
Bike Rack/Locker,1,11030
BUSwatch Electronic Sign,1,11031
Bench,4,11031
Heated Shelter,1,11031
BUSwatch Electronic Sign,1,11032
Bench,4,11032
Bike Rack/Locker,2,11032
Heated Shelter,1,11032
BUSwatch Electronic Sign,1,11033
Bench,2,11033
Bike Rack/Locker,1,11033
Heated Shelter,1,11033
BUSwatch Electronic Sign,1,11034
Bench,2,11034
Bike Rack/Locker,1,11034
Heated Shelter,1,11034
,,11035
,,11036
,,11037
Bike Rack/Locker,1,11038
Unheated Shelter,1,11039
Bench,1,11040
Bench,1,11041
,,11042
Bench,1,11043
Bench,1,11044
,,11045
,,11046
,,11047
,,11048
Unheated Shelter,1,11049
Unheated Shelter,1,11050
,,11051
,,11052
,,11053
,,11054
,,11055
,,11056
,,11057
,,11058
,,11059
,,50001
,,50002
,,50003
,,50004
,,50005
,,50006
,,50007
Bench,1,50008
Bench,1,50009
,,50010
Bench,1,50011
,,50012
Bench,1,50013
Bench,1,50014
Bench,1,50015
Bench,1,50016
,,50017
,,50018
Bench,1,50019
Unheated Shelter,1,50019
,,50020
,,50021
Bench,1,50022
,,50024
,,50025
Bench,1,50026
Bench,1,50027
,,50029
,,50030
,,50031
,,50032
,,50033
,,50034
Bench,1,50035
,,50036
,,50037
Bench,1,50038
,,50039
Bench,1,50040
Unheated Shelter,1,50040
Bench,1,50041
,,50042
,,50043
Unheated Shelter,1,50044
,,50045
Bench,1,50046
,,50047
,,50048
,,50049
,,50050
,,50051
,,50052
Unheated Shelter,1,50053
Bench,1,50054
,,50055
,,50056
,,50057
,,50058
Bench,1,50059
Bench,1,50060
Unheated Shelter,1,50060
,,50061
Bench,1,50062
,,50063
,,50064
Bench,1,50065
Bench,1,50066
,,50067
,,50068
,,50069
,,50070
Bench,1,50071
Bench,1,50072
Bench,1,50073
Unheated Shelter,1,50073
Bench,1,50074
,,50075
,,50076
,,50077
,,50078
,,50079
,,50080
,,50081
,,50082
,,50083
,,50084
Bench,1,50085
Unheated Shelter,1,50085
Bench,1,50086
,,50087
,,50088
,,50089
,,50090
Bench,1,50091
,,50092
Bench,1,50093
Unheated Shelter,1,50093
,,50094
,,50095
Bench,1,50096
,,50097
Unheated Shelter,1,50098
,,50099
,,50100
Bench,1,50101
Bench,1,50102
Bench,1,50103
Bench,1,50104
,,50105
Bench,1,50106
Unheated Shelter,1,50106
,,50107
Bench,1,50108
Bench,1,50109
Unheated Shelter,1,50110
Bench,1,50111
,,50112
,,50113
,,50114
,,50115
,,50116
,,50117
,,50118
,,50119
,,50120
,,50121
,,50122
,,50123
,,50124
,,50125
Bench,1,50126
Unheated Shelter,1,50127
,,50128
,,50129
,,50130
,,50131
,,50132
,,50133
,,50134
,,50135
Bench,1,50136
Unheated Shelter,1,50136
,,50137
,,50138
Bench,1,50139
,,50140
,,50141
Bench,1,50142
Bench,1,50144
Bench,1,50145
,,50146
Bench,1,50147
,,50148
,,50149
Bench,1,50150
,,50151
,,50152
Bench,1,50153
,,50154
,,50155
,,50156
,,50157
,,50160
,,50161
Bench,1,50162
Unheated Shelter,1,50162
Bench,1,50163
Bench,1,50164
Bench,1,50165
,,50166
Unheated Shelter,1,50167
,,50168
,,50169
Bench,2,50170
Unheated Shelter,1,50170
Bench,1,50171
Bench,1,50173
Bench,1,50174
Unheated Shelter,1,50175
Bench,1,50176
Unheated Shelter,1,50176
Bench,1,50177
Unheated Shelter,1,50178
,,50179
,,50181
Unheated Shelter,1,50182
,,50183
,,50184
,,50185
Bench,1,50186
Bench,1,50187
,,50188
Unheated Shelter,1,50189
Bench,1,50190
Unheated Shelter,1,50190
Bench,1,50191
Bench,1,50192
,,50193
,,50195
,,50196
Bench,1,50197
,,50198
Heated Shelter,1,50199
Bench,1,50200
,,50201
Bench,1,50202
Bench,1,50203
Bench,1,50204
,,50205
Bench,1,50206
Unheated Shelter,1,50206
BUSwatch Electronic Sign,1,50207
Bench,2,50207
Heated Shelter,1,50207
Bench,1,50208
,,50209
,,50210
,,50211
,,50212
,,50213
,,50214
,,50215
,,50216
,,50217
,,50219
,,50220
,,50221
Bench,2,50222
Bench,1,50223
,,50224
Bench,1,50225
Bench,1,50226
Unheated Shelter,1,50226
,,50227
,,50228
Bench,1,50229
Bench,1,50230
Unheated Shelter,1,50230
,,50231
,,50232
,,50233
,,50234
,,50235
,,50236
,,50237
,,50238
,,50239
,,50240
,,50241
,,50242
,,50243
,,50244
,,50245
,,50246
,,50247
Bench,1,50248
Unheated Shelter,1,50248
Unheated Shelter,1,50249
Bench,1,50250
Unheated Shelter,1,50250
Unheated Shelter,1,50251
Heated Shelter,1,50252
,,50253
,,50254
Bench,1,50255
,,50256
Bench,1,50257
,,50258
,,50259
,,50260
,,50261
BUSwatch Electronic Sign,1,50262
Bench,1,50262
Heated Shelter,1,50262
,,50264
Bench,2,50265
Unheated Shelter,1,50265
Bench,2,50266
Unheated Shelter,1,50266
Bench,3,50267
Unheated Shelter,1,50267
Bench,1,50268
Bench,1,50269
Unheated Shelter,1,50269
,,50270
Bench,1,50271
Bench,1,50272
,,50273
,,50274
,,50275
Bench,1,50276
,,50277
Bench,1,50278
,,50279
,,50280
,,50281
Bench,1,50282
Bench,1,50283
,,50284
,,50285
Bench,1,50286
Heated Shelter,1,50286
Bench,1,50287
Bench,1,50288
Bench,1,50289
Unheated Shelter,1,50289
Bench,1,50290
Bench,1,50291
Bench,1,50292
Bench,1,50293
Bench,1,50294
Bench,1,50295
Bench,1,50296
Bench,1,50297
Bench,1,50298
Unheated Shelter,1,50298
Bench,1,50299
Bench,1,50300
Bench,1,50301
Bench,1,50302
Unheated Shelter,1,50302
Bench,1,50303
Unheated Shelter,1,50303
Bench,1,50304
Bench,1,50305
,,50306
,,50307
Bench,1,50308
Bench,1,50309
Unheated Shelter,1,50309
Bench,1,50310
Heated Shelter,1,50310
Bench,1,50311
Heated Shelter,1,50311
Park and Ride,1,50311
Bench,1,50312
Unheated Shelter,1,50312
,,50313
Bench,1,50314
Park and Ride,1,50314
Unheated Shelter,1,50314
Bench,1,50315
,,50316
,,50317
,,50318
,,50319
Bench,1,50320
Unheated Shelter,1,50320
,,50321
,,50322
,,50323
,,50324
,,50325
,,50326
,,50327
,,50328
Bench,1,50329
Unheated Shelter,1,50329
,,50330
,,50331
,,50332
,,50333
,,50334
,,50335
,,50336
,,50337
,,50338
,,50340
,,50341
Bench,1,50342
Bench,1,50343
,,50344
,,50345
,,50346
Bench,1,50347
,,50348
,,50349
,,50352
,,50353
Bench,1,50354
,,50355
,,50356
Bench,1,50357
,,50358
,,50359
Unheated Shelter,1,50360
,,50361
,,50362
,,50363
,,50364
,,50365
,,50366
Bench,1,50367
Unheated Shelter,1,50367
Bench,1,50368
Bench,1,50369
Bench,1,50370
Bench,1,50371
Bench,1,50372
,,50373
Bench,1,50374
Bench,1,50375
Bench,1,50376
Bench,1,50377
Bench,1,50378
Bench,1,50379
Unheated Shelter,1,50379
,,50380
,,50381
,,50382
,,50383
,,50384
,,50385
,,50386
,,50387
,,50388
,,50389
,,50390
Bench,1,50391
Bench,1,50392
,,50393
Bench,1,50394
,,50395
Bench,1,50396
Bench,1,50397
,,50398
,,50399
Bench,1,50400
Unheated Shelter,1,50400
Bench,1,50401
BUSwatch Electronic Sign,1,50402
Bench,1,50402
Heated Shelter,1,50402
Bench,1,50403
Bench,2,50404
Heated Shelter,1,50404
Bench,2,50405
Bench,1,50406
Bench,1,50407
Unheated Shelter,1,50407
,,50408
,,50409
,,50410
Unheated Shelter,1,50411
Bench,1,50412
Unheated Shelter,1,50412
,,50413
,,50414
,,50415
,,50416
,,50417
,,50418
Bench,1,50419
Bench,1,50421
,,50424
,,50425
Unheated Shelter,1,50426
Bench,1,50427
,,50428
,,50429
Bench,1,50430
,,50432
,,50433
,,50434
,,50435
,,50436
,,50437
,,50438
,,50439
,,50440
,,50441
,,50442
,,50443
,,50444
,,50445
,,50446
,,50447
,,50448
,,50449
,,50450
,,50451
,,50452
,,50454
,,50455
,,50456
,,50457
,,50458
,,50459
,,50460
,,50461
,,50462
,,50463
,,50464
Unheated Shelter,1,50465
Unheated Shelter,1,50466
,,50469
Bench,1,50470
Bench,1,50473
Unheated Shelter,1,50473
Bench,1,50474
Unheated Shelter,1,50474
Bench,1,50475
Bench,1,50476
,,50479
Bench,1,50480
Unheated Shelter,1,50480
,,50481
Bench,1,50482
Bench,2,50483
Heated Shelter,1,50483
Bench,1,50484
Unheated Shelter,1,50484
Bench,1,50485
Bench,1,50486
Unheated Shelter,1,50486
Bench,1,50487
Bench,1,50488
Bench,1,50489
Bench,1,50490
Bench,1,50491
Bench,1,50492
Bench,1,50493
Bench,1,50494
Unheated Shelter,1,50494
Bench,1,50495
Unheated Shelter,1,50495
Bench,1,50496
Unheated Shelter,1,50496
Bench,1,50497
Unheated Shelter,1,50497
Bench,1,50498
Unheated Shelter,1,50498
Bench,1,50499
,,50500
,,50502
Bench,1,50503
Bench,1,50504
Unheated Shelter,1,50504
,,50505
Bench,1,50508
Unheated Shelter,1,50508
,,50509
Bench,1,50510
Bench,1,50511
Bench,1,50512
Bench,1,50513
Unheated Shelter,1,50513
Bench,1,50514
Bench,1,50515
Unheated Shelter,1,50515
Bench,1,50516
Unheated Shelter,1,50516
Bench,1,50517
Bench,1,50518
,,50519
Bench,1,50520
Bench,1,50521
Unheated Shelter,1,50521
Bench,1,50522
Unheated Shelter,1,50522
Unheated Shelter,1,50523
,,50524
Bench,1,50525
,,50526
Bench,1,50527
Unheated Shelter,1,50528
Bench,1,50529
Unheated Shelter,1,50530
,,50531
Bench,1,50532
Heated Shelter,1,50532
Bench,1,50533
Unheated Shelter,1,50534
Bench,1,50535
Unheated Shelter,1,50535
Bench,1,50536
Unheated Shelter,1,50536
Bench,1,50537
Unheated Shelter,1,50537
Bench,1,50538
Heated Shelter,1,50538
Bench,1,50539
Unheated Shelter,1,50539
Bench,1,50540
Bench,1,50541
Unheated Shelter,1,50541
Bench,1,50542
Bench,1,50543
Bench,2,50544
Unheated Shelter,1,50544
Bench,1,50545
Bench,1,50546
Bench,1,50547
Bench,1,50548
Bench,1,50549
Bench,1,50550
Bench,1,50551
Bench,1,50552
Bench,1,50553
,,50554
Bench,1,50555
Bench,1,50556
Bench,1,50557
Bench,1,50558
Unheated Shelter,1,50558
Bench,1,50559
,,50561
Bench,1,50562
Unheated Shelter,1,50562
Bench,1,50563
Bench,1,50564
Bench,1,50565
Bench,1,50566
Bench,1,50567
Bench,1,50568
Bench,1,50569
Unheated Shelter,1,50569
Bench,1,50570
Unheated Shelter,1,50570
Bench,1,50571
Unheated Shelter,1,50571
Bench,1,50572
Unheated Shelter,1,50572
Bench,1,50573
Heated Shelter,1,50573
BUSwatch Electronic Sign,1,50574
Bench,1,50574
Unheated Shelter,1,50575
Bench,1,50576
Bench,1,50577
Unheated Shelter,1,50577
Bench,1,50578
Unheated Shelter,1,50578
Bench,1,50579
Heated Shelter,1,50579
Bench,1,50580
,,50581
Bench,1,50582
Unheated Shelter,1,50582
Bench,1,50583
Bench,1,50584
Bench,1,50585
Bench,2,50586
Heated Shelter,1,50586
Park and Ride,1,50586
Bench,1,50587
,,50588
,,50589
Bench,1,50590
Unheated Shelter,1,50590
,,50591
,,50592
,,50593
,,50594
Bench,1,50595
Unheated Shelter,1,50595
Bench,1,50596
Unheated Shelter,1,50596
Bench,1,50597
Bench,1,50598
Bench,1,50599
Unheated Shelter,1,50599
,,50600
Bench,1,50602
Bench,1,50603
Unheated Shelter,1,50604
,,50605
,,50606
,,50607
,,50608
,,50609
,,50610
,,50611
,,50612
,,50613
,,50614
Bench,1,50615
Unheated Shelter,1,50615
,,50616
Bench,1,50617
Unheated Shelter,1,50617
,,50618
,,50619
Unheated Shelter,1,50621
Bench,1,50622
Bench,1,50624
,,50625
,,50626
,,50627
Unheated Shelter,1,50628
,,50629
Unheated Shelter,1,50630
,,50631
,,50632
Bench,1,50633
Unheated Shelter,1,50633
Bench,1,50634
,,50635
,,50636
,,50637
,,50638
Bench,1,50639
,,50640
,,50641
,,50642
,,50643
,,50644
,,50645
,,50646
,,50647
Bench,1,50649
,,50650
Bench,1,50651
Bench,1,50652
,,50653
,,50654
,,50655
Bench,1,50657
Unheated Shelter,1,50657
Bench,1,50658
Bench,1,50659
,,50660
,,50661
,,50662
,,50665
,,50666
,,50668
,,50669
,,50670
,,50671
,,50672
,,50673
,,50674
Bench,1,50675
,,50676
Bench,1,50678
,,50679
,,50681
,,50682
,,50683
Bench,1,50684
Unheated Shelter,1,50684
,,50685
Bench,1,50686
,,50687
,,50688
,,50690
,,50691
,,50692
,,50693
,,50694
,,50695
,,50696
,,50697
,,50698
,,50699
,,50700
,,50701
,,50702
,,50703
,,50704
,,50705
,,50706
,,50707
,,50708
,,50709
Bench,1,50710
,,50711
,,50712
,,50713
,,50714
,,50716
,,50718
,,50719
,,50720
,,50721
,,50722
,,50723
Bench,1,50724
,,50725
,,50726
Bench,1,50727
Unheated Shelter,1,50727
Unheated Shelter,1,50728
,,50729
Bench,1,50730
Unheated Shelter,1,50730
Unheated Shelter,1,50731
,,50732
,,50733
,,50734
Unheated Shelter,1,50735
Bench,1,50736
Unheated Shelter,1,50737
,,50738
,,50739
,,50740
,,50741
,,50742
,,50743
,,50744
,,50745
,,50747
,,50748
,,50749
,,50750
,,50751
,,50752
,,50753
Bench,1,50754
Bench,1,50756
,,50757
,,50759
,,50761
,,50762
Bench,1,50763
,,50764
,,50766
Bench,1,50768
,,50769
Bench,1,50770
Unheated Shelter,1,50771
,,50772
Bench,1,50773
Bench,1,50774
,,50776
,,50777
,,50778
,,50779
,,50780
,,50781
Bench,1,50782
Bench,1,50783
Bench,1,50784
Bench,1,50785
Bench,1,50786
Bench,1,50787
Bench,1,50788
,,50792
,,50793
,,50794
Bench,1,50795
,,50796
Bench,1,50797
,,50798
,,50799
Bench,1,50800
,,50801
,,50802
,,50803
,,50804
,,50805
Bench,1,50806
Bench,1,50807
Unheated Shelter,1,50808
,,50809
,,50810
Bench,1,50811
Bench,1,50812
Bench,1,50814
Bench,1,50815
Bench,1,50816
Unheated Shelter,1,50816
,,50817
,,50818
,,50819
,,50821
,,50822
,,50823
Bench,1,50824
Unheated Shelter,1,50824
,,50825
Bench,1,50826
,,50827
,,50828
,,50829
,,50830
,,50831
Bench,1,50832
Unheated Shelter,1,50832
,,50833
,,50834
,,50835
,,50836
,,50837
,,50838
,,50839
Bench,1,50840
,,50841
,,50842
,,50843
,,50844
,,50845
,,50846
,,50847
Bench,1,50848
Bench,1,50849
,,50850
,,50851
,,50853
Bench,2,50854
Heated Shelter,1,50854
,,50855
,,50856
,,50857
,,50858
,,50859
,,50860
,,50861
,,50862
,,50863
,,50864
Bench,1,50865
Bench,1,50866
,,50867
,,50868
,,50869
,,50870
,,50871
Unheated Shelter,1,50872
,,50873
,,50874
,,50875
,,50876
BUSwatch Electronic Sign,1,50878
Unheated Shelter,1,50878
BUSwatch Electronic Sign,1,50879
Heated Shelter,1,50879
BUSwatch Electronic Sign,1,50880
BUSwatch Electronic Sign,1,50881
BUSwatch Electronic Sign,1,50882
Bench,1,50882
BUSwatch Electronic Sign,1,50883
Bench,1,50883
BUSwatch Electronic Sign,1,50884
Bike Rack/Locker,1,50884
Heated Shelter,1,50884
Bench,1,50885
Bench,1,50886
Bench,1,50887
Bench,1,50888
Bench,1,50889
Bench,1,50890
Bench,1,50891
Bench,1,50892
Bench,1,50893
,,50894
,,50896
,,50897
,,50898
,,50899
Bench,1,50900
,,50902
Bench,1,50903
Bench,1,50904
Bench,1,50905
Bench,1,50906
Bench,1,50907
,,50910
Bench,1,50911
,,50912
,,50914
Bench,1,50915
,,50916
,,50917
,,50918
,,50919
,,50920
,,50921
,,50922
,,50923
Bench,1,50924
Bench,1,50925
,,50926
,,50927
,,50928
Bench,1,50930
,,50931
,,50932
,,50933
,,50934
,,50935
,,50936
,,50937
,,50938
Bench,1,50939
Bench,1,50940
,,50941
,,50942
,,50943
,,50944
,,50945
Bench,1,50946
,,50947
Bench,1,50948
Bench,1,50949
Bench,1,50950
Bench,1,50951
Bench,1,50952
,,50953
,,50954
,,50955
,,50956
,,50959
Bench,1,50960
Bench,1,50961
Bench,1,50962
Bench,1,50963
Bench,1,50964
Bench,1,50965
,,50966
Bench,1,50967
,,50969
,,50970
,,50971
,,50972
,,50973
,,50974
,,50975
,,50979
,,50980
,,50981
,,50982
,,50983
,,50984
,,50985
,,50986
,,50987
,,50988
Heated Shelter,1,50990
Bench,1,50991
Bench,1,50992
,,50993
,,50994
,,50996
,,50997
,,50998
,,50999
,,51000
,,51001
,,51001
,,51001
Bench,1,20001
Bench,1,20002
,,20003
Bench,1,20004
Bench,1,20005
Bench,1,20006
,,20007
,,20008
Bench,1,20009
Unheated Shelter,1,20009
,,20010
,,20011
Bench,1,20012
,,20013
,,20014
,,20015
,,20016
,,20017
,,20018
,,20019
,,20020
Bench,1,20021
,,20022
,,20023
,,20024
Bench,1,20025
,,20026
Bench,1,20027
,,20028
,,20029
,,20030
,,20031
Bench,1,20032
Unheated Shelter,1,20032
,,20033
,,20034
Bench,1,20035
,,20036
Bench,1,20037
Bench,1,20038
Bench,1,20039
,,20040
Heated Shelter,1,20041
,,20043
,,20044
,,20045
,,20046
,,20047
,,20048
,,20049
Bench,1,20050
,,20051
,,20052
,,20053
Unheated Shelter,1,20054
,,20055
,,20056
,,20057
Bench,1,20058
Unheated Shelter,1,20058
Bench,1,20059
Bench,1,20060
Bench,1,20062
Bench,1,20063
,,20064
Bench,1,20065
Unheated Shelter,1,20066
Bench,1,20067
Bench,1,20068
Bench,1,20069
BUSwatch Electronic Sign,1,20070
Heated Shelter,1,20070
,,20072
,,20073
,,20074
Unheated Shelter,1,20075
,,20076
,,20077
,,20078
,,20079
,,20080
,,20081
Bench,1,20082
Bench,1,20083
Unheated Shelter,1,20083
Unheated Shelter,1,20084
Bench,2,20085
,,20086
,,20087
Bench,1,20088
Unheated Shelter,1,20088
Bench,1,20089
Bench,1,20090
Unheated Shelter,1,20090
Bench,1,20091
Bench,1,20092
Bench,1,20093
Bench,1,20094
,,20095
,,20096
,,20097
Bench,1,20098
Unheated Shelter,1,20098
Bench,1,20099
Unheated Shelter,1,20100
Bench,1,20101
Bench,1,20102
Bench,1,20103
,,20104
,,20105
Bench,1,20106
Bench,1,20107
,,20108
,,20109
,,20110
,,20111
,,20112
,,20113
,,20114
,,20115
,,20116
,,20117
,,20118
,,20119
,,20120
,,20121
,,20122
,,20123
Bench,1,20124
Bench,1,20125
,,20127
,,20128
,,20129
,,20130
Bench,1,20131
,,20132
,,20133
,,20134
,,20135
Bench,1,20136
Unheated Shelter,1,20136
Bench,1,20137
Bench,1,20138
Bench,1,20139
,,20140
Bench,1,20141
,,20142
,,20143
Bench,1,20144
,,20145
,,20146
Unheated Shelter,1,20147
,,20148
,,20149
,,20150
,,20152
,,20153
,,20154
Bench,1,20156
Unheated Shelter,1,20156
,,20157
Bench,1,20158
Unheated Shelter,1,20158
,,20159
Bench,1,20160
Unheated Shelter,1,20160
Bench,1,20161
Bench,1,20162
Bench,1,20163
Bench,1,20164
,,20165
,,20166
Bench,1,20167
Bench,1,20168
Bench,1,20169
Bench,1,20170
Bench,1,20171
Unheated Shelter,1,20171
,,20172
Unheated Shelter,1,20173
Bench,1,20174
Unheated Shelter,1,20174
Bench,1,20175
Unheated Shelter,1,20175
Bench,1,20176
Unheated Shelter,1,20176
Bench,1,20177
Unheated Shelter,1,20177
Bench,1,20178
Unheated Shelter,1,20178
Bench,1,20179
Unheated Shelter,1,20179
Bench,1,20180
Unheated Shelter,1,20180
Bench,1,20181
Unheated Shelter,1,20181
Bench,1,20182
Unheated Shelter,1,20182
Bench,1,20183
Unheated Shelter,1,20183
Bench,1,20184
Unheated Shelter,1,20184
Bench,1,20185
,,20186
Bench,1,20187
,,20188
,,20189
,,20190
,,20191
,,20192
,,20193
,,20194
,,20195
Unheated Shelter,1,20196
Bench,1,20197
Unheated Shelter,1,20197
Bench,1,20198
Bench,1,20199
Bench,1,20200
Unheated Shelter,1,20200
Bench,1,20201
Bench,1,20202
Bench,1,20205
Unheated Shelter,1,20205
Bench,1,20206
Bench,1,20207
Bench,2,20208
Unheated Shelter,1,20208
Bench,1,20209
Bench,1,20210
Bench,1,20211
Bench,1,20212
Bench,1,20213
Bench,1,20214
Unheated Shelter,1,20214
Bench,1,20215
Unheated Shelter,1,20215
Bench,1,20216
Bench,1,20217
Bench,1,20218
Bench,1,20219
Bench,1,20220
Bench,1,20221
Unheated Shelter,1,20221
Bench,1,20222
Unheated Shelter,1,20222
Bench,1,20223
Bench,1,20224
Bench,1,20225
Bench,1,20226
Bench,1,20227
Unheated Shelter,1,20227
Bench,1,20228
Bench,1,20230
Unheated Shelter,1,20230
Bench,1,20231
Unheated Shelter,1,20231
Bench,1,20232
Bench,1,20233
,,20234
Bench,1,20235
Bench,1,20236
Bench,1,20237
Unheated Shelter,1,20237
Bench,1,20238
Bench,1,20239
Unheated Shelter,1,20239
Bench,1,20240
Bench,1,20241
Bench,1,20242
Bench,1,20243
BUSwatch Electronic Sign,1,20245
Bench,1,20245
Heated Shelter,1,20245
Bench,1,20246
Unheated Shelter,1,20246
Bench,1,20247
Bench,1,20248
Unheated Shelter,1,20248
Bench,1,20249
Bench,1,20251
Unheated Shelter,1,20251
Bench,1,20252
Unheated Shelter,1,20252
Bench,1,20253
Unheated Shelter,1,20253
Bench,1,20254
Unheated Shelter,1,20254
Bench,1,20255
Bench,1,20256
Unheated Shelter,1,20256
Bench,1,20257
Unheated Shelter,1,20257
Bench,1,20258
Bench,1,20259
Bench,1,20260
Unheated Shelter,1,20260
Bench,1,20261
Bench,1,20262
Unheated Shelter,1,20262
,,20263
BUSwatch Electronic Sign,1,20264
Bench,1,20264
Heated Shelter,1,20264
Bench,1,20265
Bench,1,20266
Unheated Shelter,1,20266
Bench,1,20268
Unheated Shelter,1,20268
Bench,1,20269
Unheated Shelter,1,20269
Bench,1,20270
Bench,1,20272
Unheated Shelter,1,20272
Bench,1,20273
,,20274
Unheated Shelter,1,20275
Bench,1,20276
Unheated Shelter,1,20276
,,20277
Bench,1,20278
Unheated Shelter,1,20278
Bench,1,20279
Unheated Shelter,1,20279
Bench,1,20281
Unheated Shelter,1,20281
Bench,2,20282
Bench,1,20283
Bench,1,20284
Bench,1,20285
Unheated Shelter,1,20285
Bench,1,20286
Bench,1,20287
Unheated Shelter,1,20287
Bench,2,20288
Unheated Shelter,1,20288
Bench,1,20289
Bench,1,20290
Unheated Shelter,1,20290
Bench,1,20291
Unheated Shelter,1,20291
Bench,1,20292
BUSwatch Electronic Sign,1,20293
Bench,1,20293
,,20294
,,20295
Unheated Shelter,1,20296
BUSwatch Electronic Sign,1,20298
Bench,1,20298
Bike Rack/Locker,1,20298
Heated Shelter,1,20298
,,20300
Bench,1,20301
,,20302
,,20303
BUSwatch Electronic Sign,1,20304
BUSwatch Electronic Sign,1,20305
Bench,1,20305
,,20306
,,20307
,,20308
BUSwatch Electronic Sign,1,20309
Heated Shelter,1,20309
,,20311
,,20312
,,20313
,,20314
,,20315
,,20318
,,20319
BUSwatch Electronic Sign,1,20320
Bench,1,20321
,,20322
,,20323
Bench,1,20324
,,20325
,,20326
,,20327
,,20328
,,20329
Bench,1,20330
Unheated Shelter,1,20330
,,20331
Heated Shelter,1,20332
Bench,1,20333
,,20334
,,20335
,,20336
,,20337
,,20338
,,20339
,,20340
,,20341
Bench,1,20342
Unheated Shelter,1,20342
,,20343
,,20344
,,20345
,,20346
,,20347
,,20348
Bench,1,20349
Heated Shelter,1,20349
Bench,1,20350
Bench,1,20351
,,20352
Bench,1,20353
Unheated Shelter,1,20353
Bench,1,20354
Bench,1,20355
Bench,1,20356
,,20357
Bench,1,20358
Bench,1,20360
Unheated Shelter,1,20360
,,20361
,,20362
,,20363
,,20364
,,20365
,,20366
,,20367
,,20368
,,20369
,,20370
,,20371
Unheated Shelter,1,20372
,,20373
,,20374
,,20375
,,20376
Bench,1,20377
,,20378
,,20379
,,20380
,,20381
,,20382
,,20383
,,20384
Bench,1,20386
Bench,1,20387
,,20388
,,20389
,,20390
,,20391
,,20392
,,20393
,,20394
,,20395
,,20396
,,20397
,,20398
Bench,1,20399
Unheated Shelter,1,20400
,,20401
,,20402
,,20403
,,20404
,,20405
,,20406
,,20407
,,20408
,,20409
,,20410
,,20411
,,20412
,,20413
Unheated Shelter,1,20414
,,20415
,,20416
Bench,1,20417
BUSwatch Electronic Sign,1,20418
Bench,2,20418
Heated Shelter,1,20418
,,20419
,,20420
Bench,1,20422
,,20423
,,20424
,,20425
,,20426
,,20427
,,20428
,,20429
,,20430
BUSwatch Electronic Sign,1,20432
Heated Shelter,1,20432
,,20433
,,20434
BUSwatch Electronic Sign,1,20435
Bench,1,20435
,,20436
Bench,1,20437
,,20438
,,20439
,,20440
Bench,1,20441
,,20444
,,20446
Bench,1,20448
,,20450
,,20452
,,20454
BUSwatch Electronic Sign,1,20456
Bench,1,20456
Unheated Shelter,1,20456
Bench,1,20457
Bench,1,20458
,,20462
Bench,1,20463
,,20464
Bench,1,20465
Bench,1,20466
,,20467
Bench,1,20468
Unheated Shelter,1,20469
Unheated Shelter,1,20470
,,20471
,,20473
,,20474
,,20475
Bench,1,20476
,,20477
,,20478
,,20479
Bench,1,20480
,,20481
,,20482
,,20485
,,20487
,,20489
,,20491
,,20492
,,20493
,,20494
,,20496
Bench,1,20497
Unheated Shelter,1,20497
,,20498
,,20499
,,20500
,,20501
,,20502
,,20503
,,20504
,,20505
,,20506
,,20507
,,20508
,,20509
,,20510
,,20511
,,20512
,,20513
,,20514
,,20515
,,20516
,,20517
,,20518
,,20519
,,20520
,,20521
,,20523
,,20524
,,20525
,,20526
Bench,1,20528
,,20529
,,20530
,,20531
,,20532
,,20533
,,20535
,,20536
,,20537
,,20538
,,20539
,,20540
,,20541
,,20600
,,20603
,,20604
,,20605
,,20606
Unheated Shelter,1,20607
,,20608
,,20609
,,20610
,,20611
Bench,1,60001
Unheated Shelter,1,60001
,,60002
,,60003
,,60004
,,60005
,,60006
,,60007
,,60008
Bench,1,60009
BUSwatch Electronic Sign,1,60010
,,60013
,,60014
,,60015
,,60016
Unheated Shelter,1,60017
,,60018
Unheated Shelter,1,60019
,,60020
,,60021
Bench,1,60022
,,60023
Bench,1,60026
Bench,1,60027
Unheated Shelter,1,60027
Bench,1,60028
Bench,1,60029
Unheated Shelter,1,60029
Bench,1,60030
Bench,1,60031
Unheated Shelter,1,60031
Bench,1,60032
Unheated Shelter,1,60032
Bench,1,60033
Bench,1,60034
Unheated Shelter,1,60034
,,60035
,,60036
,,60037
,,60038
,,60039
,,60040
,,60041
,,60042
,,60043
,,60044
,,60045
Bench,1,60046
,,60047
,,60048
,,60049
Bench,1,60050
,,60051
Bench,1,60052
Bench,1,60053
,,60054
,,60055
,,60056
,,60057
Bench,1,60058
,,60059
Bench,1,60060
,,60061
,,60062
,,60063
BUSwatch Electronic Sign,1,60064
Bench,1,60064
Heated Shelter,1,60064
Bench,1,60068
Heated Shelter,1,60068
Bench,1,60070
,,60071
Bench,1,60072
,,60073
Bench,1,60074
Unheated Shelter,1,60074
,,60075
,,60076
,,60077
,,60078
,,60079
,,60080
Bench,1,60081
Bench,1,60082
Bench,1,60083
,,60084
,,60085
,,60086
Bench,1,60087
,,60088
,,60089
Bench,1,60090
Bench,1,60091
Bench,1,60094
Bench,1,60096
Bench,1,60097
,,60100
,,60101
BUSwatch Electronic Sign,1,60103
Bench,1,60103
Heated Shelter,1,60103
BUSwatch Electronic Sign,1,60105
Bench,2,60105
Heated Shelter,1,60105
BUSwatch Electronic Sign,1,60106
Bench,1,60106
Bike Rack/Locker,1,60106
Heated Shelter,2,60106
Bench,1,60107
BUSwatch Electronic Sign,1,60108
Bench,1,60108
Heated Shelter,1,60108
Bench,1,60109
Bench,1,60110
,,60111
,,60112
Bench,1,60113
Unheated Shelter,1,60113
Bench,1,60114
Unheated Shelter,1,60114
Bench,1,60115
Bench,1,60116
Bench,1,60117
Heated Shelter,1,60117
Bench,1,60118
Unheated Shelter,1,60118
Bench,1,60119
Unheated Shelter,1,60119
Bench,1,60120
Heated Shelter,1,60120
Bench,1,60121
Unheated Shelter,1,60121
Bench,1,60123
Unheated Shelter,1,60123
Bench,1,60124
Bench,1,60125
Bench,1,60126
Unheated Shelter,1,60126
Bench,1,60127
Unheated Shelter,1,60127
Bench,1,60128
Park and Ride,1,60128
Unheated Shelter,1,60128
Bench,1,60129
Park and Ride,1,60129
Unheated Shelter,1,60129
Bench,1,60130
Park and Ride,1,60130
Unheated Shelter,1,60130
Bench,1,60131
Bench,1,60132
Park and Ride,1,60132
Unheated Shelter,1,60132
Bench,1,60133
Unheated Shelter,1,60133
,,60134
,,60135
,,60136
Bench,1,60137
BUSwatch Electronic Sign,1,60138
Bench,2,60138
Heated Shelter,1,60138
Bench,1,60139
BUSwatch Electronic Sign,1,60140
Bench,1,60140
Heated Shelter,1,60140
Bench,1,60141
Bench,1,60142
,,60143
BUSwatch Electronic Sign,1,60144
Bench,1,60144
Unheated Shelter,1,60144
,,60145
BUSwatch Electronic Sign,1,60146
Bench,2,60146
Heated Shelter,1,60146
Unheated Shelter,1,60147
Bench,1,60148
Unheated Shelter,1,60148
Bench,1,60149
Unheated Shelter,1,60149
Bench,1,60150
Bench,1,60151
Unheated Shelter,1,60152
Bench,1,60153
Unheated Shelter,1,60153
Bench,1,60154
Unheated Shelter,1,60154
Bench,1,60155
Unheated Shelter,1,60155
BUSwatch Electronic Sign,1,60156
Bench,1,60156
Unheated Shelter,1,60156
,,60157
,,60158
,,60159
,,60160
Bench,1,60161
Bench,1,60162
Heated Shelter,1,60162
Bench,1,60163
Bench,1,60164
Bench,1,60171
Bench,1,60172
Bench,1,60173
Bench,1,60174
Bench,1,60175
,,60176
,,60177
,,60178
,,60179
Bench,1,60180
,,60181
Bench,1,60182
,,60183
Bench,1,60184
Bench,1,60185
Bench,1,60186
,,60187
Bench,1,60188
Bench,1,60189
Bench,1,60190
,,60191
Bench,1,60192
Bench,1,60194
Bench,1,60195
Bench,1,60196
Bench,1,60197
Bench,1,60198
Bench,1,60199
Unheated Shelter,1,60199
,,60200
,,60201
,,60202
,,60203
Bench,1,60204
Bench,1,60205
Unheated Shelter,1,60206
Bench,1,60207
Unheated Shelter,1,60207
Bench,1,60208
,,60209
Bench,1,60210
Bench,1,60211
Unheated Shelter,1,60211
Bench,1,60212
Unheated Shelter,1,60212
Bench,1,60213
,,60214
Bench,1,60215
Bench,1,60216
Unheated Shelter,1,60216
Bench,1,60217
Unheated Shelter,1,60217
,,60218
,,60219
,,60221
Bench,1,60222
,,60223
,,60224
,,60225
,,60226
Bench,1,60227
Bench,1,60228
,,60229
Bench,1,60230
,,60231
,,60232
,,60233
,,60234
,,60235
Unheated Shelter,1,60237
Bench,1,60238
BUSwatch Electronic Sign,1,60239
Bench,1,60239
Unheated Shelter,1,60239
Unheated Shelter,1,60240
Bench,1,60242
,,60243
Bench,1,60244
Unheated Shelter,1,60244
BUSwatch Electronic Sign,1,60245
Bench,1,60245
Heated Shelter,1,60245
Bench,2,60246
Unheated Shelter,1,60246
Bench,1,60247
Unheated Shelter,1,60247
,,60248
Bench,1,60249
Unheated Shelter,1,60249
Bench,1,60250
Unheated Shelter,1,60250
BUSwatch Electronic Sign,1,60251
Bench,1,60251
Heated Shelter,1,60251
,,60252
BUSwatch Electronic Sign,1,60253
Unheated Shelter,1,60253
,,60254
,,60255
,,60256
,,60257
Bench,1,60259
Bench,1,60260
Unheated Shelter,1,60260
,,60261
,,60262
Bench,1,60263
,,60264
,,60265
,,60266
,,60267
,,60268
,,60269
,,60270
,,60271
,,60272
,,60273
,,60274
,,60275
,,60276
,,60277
,,60278
,,60279
,,60280
,,60281
,,60282
,,60283
Bench,1,60284
Bench,1,60285
,,60286
Unheated Shelter,1,60287
Bench,1,60289
Park and Ride,1,60289
Unheated Shelter,1,60289
BUSwatch Electronic Sign,1,60290
Bench,1,60290
Heated Shelter,1,60290
Park and Ride,1,60290
Bench,1,60291
Heated Shelter,1,60291
Bench,1,60292
Heated Shelter,1,60292
Bench,1,60293
Bench,1,60294
Unheated Shelter,1,60294
Bench,1,60295
Bench,1,60296
Unheated Shelter,1,60296
Bench,1,60297
Bench,1,60298
Bench,1,60299
Bench,1,60300
Unheated Shelter,1,60300
,,60301
Bench,1,60302
Park and Ride,1,60302
Bench,1,60303
Unheated Shelter,1,60303
,,60304
,,60305
Bench,1,60306
Unheated Shelter,1,60306
,,60307
Bench,1,60308
Bench,1,60309
Bench,1,60310
Bench,1,60311
,,60312
,,60313
,,60314
,,60315
Bench,1,60316
,,60317
,,60318
Bench,1,60319
,,60320
,,60321
,,60323
,,60324
,,60325
,,60326
Bench,1,60327
,,60328
Bench,1,60329
,,60330
,,60331
,,60332
,,60333
,,60334
,,60335
Bench,1,60336
Bench,1,60337
Bench,1,60338
,,60339
,,60340
Bench,1,60341
,,60342
,,60343
,,60344
,,60345
,,60346
,,60347
Bench,1,60348
,,60349
Bench,2,60350
Unheated Shelter,1,60351
Bench,1,60352
Bench,1,60353
Bench,1,60354
Bench,1,60355
,,60356
,,60357
,,60358
,,60359
,,60360
,,60361
,,60362
,,60363
,,60364
,,60365
,,60366
,,60367
Unheated Shelter,1,60368
Bench,1,60369
Bench,1,60370
Bench,1,60371
Bench,1,60372
Bench,1,60373
Bench,1,60374
Bench,1,60375
Bench,1,60376
Unheated Shelter,1,60376
Bench,1,60377
Bench,1,60378
Bench,1,60379
Bench,1,60380
Bench,1,60381
Bench,1,60382
Bench,1,60383
Bench,1,60384
Unheated Shelter,1,60384
Bench,1,60385
Bench,1,60386
Bench,1,60387
Bench,1,60388
Bench,1,60389
Bench,1,60390
Bench,1,60391
Bench,1,60392
Bench,1,60393
Bench,1,60396
Bench,1,60397
,,60399
,,60400
Bench,1,60401
Bench,1,60402
Unheated Shelter,1,60402
Bench,1,60403
Bench,1,60404
Unheated Shelter,1,60404
Bench,1,60405
Bench,1,60406
Bench,1,60407
BUSwatch Electronic Sign,1,60408
Bench,1,60408
Heated Shelter,1,60408
Bench,1,60410
Bench,1,60411
,,60412
,,60413
Bench,1,60414
Bench,1,60415
Bench,1,60416
Bench,1,60417
Bench,1,60418
Bench,1,60419
Bench,1,60420
Bench,1,60421
Bench,1,60422
Bench,1,60423
Bench,1,60424
Bench,1,60425
BUSwatch Electronic Sign,1,60426
Bench,1,60426
Heated Shelter,1,60426
,,60427
Bench,1,60428
Bench,1,60429
Bench,1,60430
Bench,1,60431
Bench,1,60432
Unheated Shelter,1,60433
Bench,1,60434
Unheated Shelter,1,60434
Bench,1,60435
Bench,1,60436
Bench,1,60437
,,60438
Bench,1,60439
Bench,1,60440
Unheated Shelter,1,60440
Bench,1,60441
Bench,1,60442
Unheated Shelter,1,60442
Bench,1,60443
Bench,1,60444
Unheated Shelter,1,60444
Bench,1,60445
Unheated Shelter,1,60445
,,60446
,,60447
Bench,1,60448
Bench,1,60449
Unheated Shelter,1,60449
Bench,1,60450
Unheated Shelter,1,60450
Bench,1,60451
Bench,1,60452
Bench,1,60453
Unheated Shelter,1,60453
Bench,1,60454
Bench,1,60455
,,60456
Bench,1,60457
Bench,1,60458
,,60459
Bench,1,60460
Bench,1,60461
Unheated Shelter,1,60461
Bench,1,60462
Unheated Shelter,1,60462
Bench,1,60463
Bench,1,60464
Bench,1,60465
Bench,1,60466
Bench,1,60467
Bench,1,60468
Bench,1,60469
Bench,1,60470
Bench,1,60471
Bench,1,60472
Unheated Shelter,1,60472
,,60473
,,60474
,,60475
Bench,1,60477
Bench,1,60479
Unheated Shelter,1,60479
Bench,1,60481
Bench,1,60483
,,60484
Bench,1,60486
Unheated Shelter,1,60486
,,60488
Bench,1,60490
,,60492
Bench,1,60494
Unheated Shelter,1,60494
Bench,1,60496
,,60498
,,60500
,,60503
,,60504
,,60505
,,60508
Bench,1,60509
Unheated Shelter,1,60509
Bench,1,60510
Unheated Shelter,1,60510
Bench,1,60511
Bench,1,60512
Bench,1,60513
Bench,1,60514
Unheated Shelter,1,60514
Bench,1,60515
Bench,1,60516
Bench,1,60517
Bench,1,60518
,,60519
Bench,1,60520
Bench,1,60521
Unheated Shelter,1,60521
Bench,1,60522
Unheated Shelter,1,60522
Bench,1,60523
Heated Shelter,1,60524
Bench,1,60525
Bench,1,60526
Unheated Shelter,1,60526
Bench,1,60527
Unheated Shelter,1,60527
Bench,1,60528
Unheated Shelter,1,60528
,,60529
Bench,1,60530
Unheated Shelter,1,60530
Bench,1,60531
Unheated Shelter,1,60531
BUSwatch Electronic Sign,1,60532
Bench,1,60532
Heated Shelter,1,60532
Park and Ride,1,60532
Bench,1,60533
Bench,1,60534
Bench,1,60535
Bench,1,60536
Unheated Shelter,1,60536
Bench,1,60537
,,60538
Bench,1,60539
Unheated Shelter,1,60539
Bench,1,60541
,,60542
,,60544
Bench,1,60545
Unheated Shelter,1,60545
,,60546
,,60547
,,60548
Bench,1,60549
Bench,1,60552
Bench,1,60553
,,60554
Bench,1,60555
Bench,1,60556
Unheated Shelter,1,60556
Bench,1,60557
Unheated Shelter,1,60557
Bench,1,60558
Bench,1,60559
Bench,1,60560
,,60561
,,60562
,,60563
Bench,1,60564
Unheated Shelter,1,60564
,,60565
Bench,1,60566
,,60567
,,60568
Bench,1,60569
,,60570
Bench,1,60571
Bench,1,60572
Bench,1,60573
Unheated Shelter,1,60573
Bench,1,60574
Unheated Shelter,1,60574
Bench,1,60577
Unheated Shelter,1,60577
Bench,1,60578
,,60588
,,60590
,,60591
,,60592
,,60593
,,60594
,,60595
Unheated Shelter,1,60596
,,60597
,,60598
,,60599
,,60600
,,60601
,,60602
,,60603
Bench,1,60606
,,60607
,,60608
,,60609
,,60610
,,60611
,,60612
,,60613
,,60614
,,60615
,,60616
,,60617
,,60618
,,60619
,,60620
,,60624
,,60625
,,60626
,,60627
,,60628
,,60629
,,60630
,,60631
,,60632
,,60633
,,60635
,,60644
,,60645
,,60646
,,60647
,,60648
,,60649
,,60650
,,60651
,,60652
,,60653
,,60654
Bench,1,60655
Unheated Shelter,1,60655
,,60657
,,60658
,,60659
,,60660
,,60661
,,60662
Bench,1,60663
Heated Shelter,1,60663
Bench,1,60664
,,60665
,,60666
,,60667
,,60668
Bench,1,60670
,,60671
Bench,1,60672
Bench,1,60673
Heated Shelter,2,60673
BUSwatch Electronic Sign,1,60674
Bench,1,60674
Heated Shelter,1,60674
Bench,1,60678
Bench,1,60679
,,60680
Bench,1,60681
,,60682
Bench,1,60683
Bench,1,60684
Bench,1,60685
,,60687
Bench,1,60689
Bench,1,60691
Unheated Shelter,1,60691
Bench,1,60692
Unheated Shelter,1,60692
,,60693
Bench,1,60694
,,60695
Bench,1,60696
,,60697
,,60698
Bench,1,60706
,,60707
Bench,1,60709
Bench,1,60710
Bench,1,60711
,,60712
Bench,1,60713
Bench,1,60714
Bench,1,60715
Bench,1,60717
Bench,1,60718
Bench,1,60719
Unheated Shelter,1,60719
Bench,1,60720
Unheated Shelter,1,60720
Bench,1,60721
Bench,1,60727
Bench,1,60728
Unheated Shelter,1,60728
Bench,1,60729
Unheated Shelter,1,60729
Bench,1,60730
Unheated Shelter,1,60730
,,60731
Bench,1,60732
Bench,1,60733
Bench,1,60734
Unheated Shelter,1,60734
,,60735
Bench,1,60738
Bench,1,60739
Bench,1,60741
,,60742
Bench,1,60743
Bench,1,60744
Bench,1,60745
Heated Shelter,1,60745
Bench,1,60746
,,60747
,,60748
,,60749
,,60750
,,60751
,,60752
Unheated Shelter,1,60753
,,60755
,,60756
,,60757
Bench,1,60758
Unheated Shelter,1,60758
,,60759
,,60760
,,60761
Bench,1,60762
Unheated Shelter,1,60762
,,60763
,,60764
,,60772
,,60773
,,60774
,,60775
,,60776
,,60777
,,60778
Bench,1,60779
Bench,1,60780
Unheated Shelter,1,60780
Bench,1,60781
,,60782
,,60783
,,60784
,,60785
,,60786
,,60787
,,60788
,,60789
BUSwatch Electronic Sign,1,60790
Bench,1,60790
Heated Shelter,1,60790
Park and Ride,1,60790
,,60794
,,60795
,,60796
,,60797
,,60798
,,60799
,,60800
,,60801
,,60803
Bench,1,60804
Bench,1,60805
,,60807
,,60808
Bench,1,60809
Unheated Shelter,1,60809
Bench,1,60810
Unheated Shelter,1,60810
,,60811
,,60812
,,60813
Bench,1,60816
,,60817
,,60818
,,60819
,,60820
,,60821
,,60822
,,60823
Bench,1,60825
Heated Shelter,1,60825
Bench,1,60826
Bench,1,60827
Bench,1,60828
,,60829
Bench,1,60830
,,60831
Bench,1,60832
Bench,1,60835
Bench,1,60836
Bench,1,60838
Bench,1,60839
,,60840
,,60841
,,60842
,,60843
,,60844
,,60845
,,60846
Bench,1,60847
Bench,1,60848
Bench,1,60849
,,60850
,,60851
,,60854
,,60855
,,60856
Bench,1,60858
Bench,1,60859
,,60860
,,60861
Bench,1,60864
Bench,1,60865
Bench,1,60866
Bench,1,60867
Bench,1,60868
,,60869
,,60870
,,60871
Bench,1,60872
,,60874
Bench,1,60875
Bench,1,60876
Unheated Shelter,1,60876
,,60877
Bench,1,60878
,,60879
Bench,1,60880
Bench,1,60881
Bench,1,60882
Bench,1,60883
,,60885
Bench,1,60886
Bench,1,60887
Bench,1,60888
,,60889
,,60890
Bench,1,60891
Bench,1,60892
,,60893
Bench,1,60895
,,60896
Bench,1,60897
,,60898
Bench,1,60899
Unheated Shelter,1,60899
,,60900
,,60901
,,60902
Bench,1,60903
Bench,1,60905
Bench,1,60906
Bench,1,60908
Bench,1,60909
Bench,1,60910
Unheated Shelter,1,60911
Bench,1,60912
Bench,1,60913
,,60914
,,60915
,,60916
,,60917
,,60918
,,60919
,,60926
Bench,1,60928
Bench,1,60929
Bench,1,60930
Unheated Shelter,1,60931
,,60932
,,60933
Bench,1,60934
Bench,1,60935
Bench,1,60937
Bench,1,60938
Bench,1,60940
Bench,1,60941
,,60944
,,60945
Bench,1,60946
Bench,1,60947
,,60948
Bench,1,60950
Bench,1,60951
Bench,1,60952
Bench,1,60953
,,60954
Bench,1,60955
Bench,1,60956
Heated Shelter,1,60957
,,60958
,,60959
,,60960
,,60961
Bench,1,60962
Bench,1,60963
,,60969
,,60970
,,60971
,,60972
,,60973
,,60974
,,60975
,,60976
,,60978
Bench,1,60979
,,60980
,,60981
,,60982
Bench,1,60983
,,60984
,,60985
,,60986
,,60987
Bench,1,60988
,,60989
Bench,1,60990
,,60992
,,60993
,,60994
Heated Shelter,1,60995
,,61001
,,61002
Bench,1,61005
Bench,1,61006
Bench,1,61007
Bench,1,61008
Bench,1,61009
Bench,1,61010
Bench,1,61011
,,61012
,,61013
,,61014
,,61015
Bench,1,61016
Bench,1,61017
Unheated Shelter,1,61017
,,61018
,,61019
Bench,1,61020
Bench,1,61021
,,61022
,,61023
,,61024
Bench,1,61025
,,61026
,,61027
,,61028
,,61029
,,61030
Bench,1,61031
,,61032
,,61033
Unheated Shelter,1,61034
,,61039
Bench,1,61040
Bench,1,61041
,,61042
Bench,1,61043
,,61044
,,61045
,,61046
,,61047
,,61048
Bench,1,61049
Heated Shelter,1,61049
,,61059
Bench,1,61060
Bench,1,61061
,,61062
,,61063
,,61064
,,61065
,,61066
,,61067
,,61068
,,61069
,,61070
,,61071
,,61072
,,61073
,,61074
,,61075
,,61076
,,61077
,,61078
,,61079
,,61080
,,61081
Bench,1,61084
,,61085
Bench,1,61086
Bench,1,61087
Bench,1,61088
Bench,1,61089
,,61090
,,61091
,,61092
,,61093
,,61094
,,61095
,,61096
,,61097
,,61100
,,61101
Bench,1,61102
Bench,1,61103
Bench,1,61104
Unheated Shelter,1,61104
Bench,1,61105
Bench,1,61106
Bench,1,61107
Bench,1,61108
Bench,1,61109
Bench,1,61110
Bench,1,61111
Bench,1,61112
,,61113
,,61114
,,61115
,,61116
,,61117
,,61118
Unheated Shelter,1,61119
,,61120
Bench,1,61121
Bench,1,61122
Bench,1,61123
Bench,1,61124
Unheated Shelter,1,61124
Bench,1,61125
Bench,1,61126
Bench,1,61127
Bench,1,61128
Bench,1,61129
Bench,1,61130
Bench,1,61131
,,61132
,,61133
Bench,1,61134
Bench,1,61135
Unheated Shelter,1,61135
,,61137
,,61138
,,61139
,,61140
,,61141
,,61142
,,61143
,,61144
,,61145
,,61146
,,61147
,,61148
Bench,1,61149
,,61150
Bench,1,61151
Bench,1,61152
Bench,1,61153
,,61154
,,61155
Bench,1,61156
Bench,1,61157
,,61158
,,61159
,,61160
Bench,1,61161
Bench,1,61162
,,61163
Bench,1,61164
Bench,1,61165
Bench,1,61166
Bench,1,61167
,,61168
,,61169
,,61170
Bench,1,61171
,,61172
Bench,1,61173
Bench,1,61176
Bench,1,61177
Bench,1,61178
Bench,1,61179
Bench,1,61180
,,61181
,,61182
,,61183
,,61184
Bench,1,61189
,,61190
,,61192
,,61193
,,61194
,,61195
,,61196
,,61197
,,61198
,,61201
BUSwatch Electronic Sign,1,61202
Bench,2,61202
Bike Rack/Locker,1,61202
Heated Shelter,1,61202
BUSwatch Electronic Sign,1,61203
Bench,2,61203
Bike Rack/Locker,1,61203
Heated Shelter,1,61203
BUSwatch Electronic Sign,1,61205
Bench,2,61205
Bike Rack/Locker,2,61205
Heated Shelter,1,61205
Park and Ride,1,61205
BUSwatch Electronic Sign,1,61206
Bench,2,61206
Bike Rack/Locker,2,61206
Heated Shelter,1,61206
Park and Ride,1,61206
BUSwatch Electronic Sign,1,61207
Bench,2,61207
Bike Rack/Locker,2,61207
Heated Shelter,1,61207
Park and Ride,1,61207
BUSwatch Electronic Sign,1,61208
Bench,2,61208
Bike Rack/Locker,2,61208
Heated Shelter,1,61208
BUSwatch Electronic Sign,1,61209
Bench,2,61209
Bike Rack/Locker,2,61209
Heated Shelter,1,61209
BUSwatch Electronic Sign,1,61215
Heated Shelter,1,61215
BUSwatch Electronic Sign,1,61216
Bench,2,61216
Bike Rack/Locker,2,61216
Heated Shelter,1,61216
,,61219
Bench,1,61220
Bench,1,61221
,,61222
,,61223
,,61224
,,61225
Bench,1,61226
Bench,1,61227
,,61228
Bench,1,61229
,,61230
,,61231
,,61232
,,61233
,,61234
,,61235
,,61236
,,61237
,,61238
,,61239
,,61240
,,61241
,,61242
,,61243
,,61244
,,61245
,,61246
,,61247
,,61248
,,61249
,,61250
,,61251
,,61252
,,61253
,,61254
,,61256
,,61257
,,61258
,,61259
,,61260
,,61261
,,61262
,,61264
,,61265
,,61266
,,61267
,,61268
,,61269
,,61270
,,61271
,,61272
,,61273
,,61274
,,61275
,,61276
,,61277
,,61278
,,61279
,,61280
,,61282
,,61283
,,61284
,,61285
,,61286
,,61287
,,61288
,,61289
,,61290
,,61291
,,61292
,,61293
,,61294
,,61295
,,61296
,,61297
,,61298
,,61299
,,62000
,,62001
,,62002
Bench,1,62003
,,62010
,,62011
,,62012
,,62013
BUSwatch Electronic Sign,1,62014
Bike Rack/Locker,1,62014
BUSwatch Electronic Sign,1,62015
Bike Rack/Locker,1,62015
,,62016
,,62017
,,62018
,,62018
,,62018
,,62021
,,62022
,,62023
,,62024
,,62025
,,62026
,,62027
,,62028
,,62029
,,62030
,,62031
,,62032
,,62033
,,62034
,,62035
,,62036
,,62037
,,62038
,,62039
,,62040
,,62041
,,30001
,,30002
,,30003
Bench,1,30004
Unheated Shelter,1,30005
,,30006
,,30007
Bench,1,30009
Unheated Shelter,1,30009
Bench,1,30010
Bench,1,30011
Bench,1,30012
Bench,1,30013
Unheated Shelter,1,30013
Bench,1,30014
Bench,1,30015
Bench,1,30016
Bench,1,30017
Bench,1,30018
Bench,1,30019
Unheated Shelter,1,30019
Unheated Shelter,1,30020
Bench,1,30022
Bench,2,30023
Bench,1,30024
,,30025
Bench,1,30026
Bench,1,30027
Bench,1,30028
Bench,1,30029
,,30030
Bench,1,30031
Bench,1,30032
Unheated Shelter,1,30032
,,30033
Unheated Shelter,1,30034
,,30035
Bench,1,30036
Unheated Shelter,1,30036
Bench,1,30037
Unheated Shelter,1,30037
,,30038
Bench,1,30039
,,30040
Bench,1,30041
Heated Shelter,1,30041
,,30042
BUSwatch Electronic Sign,1,30043
Bench,1,30043
Heated Shelter,1,30043
Bench,1,30044
Park and Ride,1,30044
Unheated Shelter,1,30044
Bench,1,30045
Bench,1,30046
Bench,1,30047
Bench,1,30048
Unheated Shelter,1,30048
,,30049
,,30050
Bench,1,30051
,,30053
Bench,1,30054
Unheated Shelter,1,30054
Bench,1,30055
Bench,1,30056
Bench,1,30057
Unheated Shelter,1,30057
,,30059
,,30060
,,30061
Bench,1,30062
Unheated Shelter,1,30062
,,30063
Unheated Shelter,1,30064
,,30065
,,30066
,,30067
,,30068
,,30069
,,30070
Bench,1,30071
Unheated Shelter,1,30071
,,30072
Bench,1,30073
Unheated Shelter,1,30073
Bench,1,30074
Bench,1,30075
Bench,1,30076
Unheated Shelter,1,30076
Bench,1,30077
Unheated Shelter,1,30077
Unheated Shelter,1,30078
,,30079
Bench,1,30080
Unheated Shelter,1,30080
Bench,1,30081
Unheated Shelter,1,30081
Bench,1,30082
Unheated Shelter,1,30082
Bench,1,30083
Unheated Shelter,1,30083
,,30084
Bench,1,30085
Unheated Shelter,1,30085
Bench,1,30086
Unheated Shelter,1,30086
Bench,1,30087
Unheated Shelter,1,30087
Bench,1,30088
Unheated Shelter,1,30088
Bench,1,30089
Unheated Shelter,1,30089
,,30090
Bench,1,30091
Unheated Shelter,1,30091
Bench,1,30092
Unheated Shelter,1,30092
,,30093
Bench,1,30094
Bench,1,30095
Unheated Shelter,1,30095
Unheated Shelter,1,30096
Bench,1,30097
Unheated Shelter,1,30097
Bench,1,30098
Unheated Shelter,1,30098
,,30099
,,30100
Bench,1,30101
Bench,1,30106
Bench,1,30107
,,30108
,,30109
,,30110
,,30111
,,30112
,,30113
,,30114
,,30115
,,30116
,,30117
,,30118
,,30119
Unheated Shelter,1,30120
Bench,1,30126
Unheated Shelter,1,30126
,,30128
,,30129
,,30130
,,30131
,,30132
,,30133
,,30134
,,30135
,,30136
,,30137
,,30138
,,30139
,,30140
Unheated Shelter,1,30141
,,30142
,,30143
,,30144
Bench,1,30145
,,30146
,,30147
Bench,1,30148
,,30149
Unheated Shelter,1,30150
,,30151
,,30152
,,30153
,,30154
,,30155
,,30156
,,30157
,,30158
,,30159
,,30160
,,30161
Unheated Shelter,1,30162
,,30163
,,30164
,,30165
,,30166
,,30167
,,30168
,,30169
,,30170
,,30171
Unheated Shelter,1,30172
,,30173
Unheated Shelter,1,30174
,,30175
,,30176
Bench,1,30177
Bench,1,30178
Heated Shelter,1,30179
,,30180
,,30181
Bench,1,30182
Unheated Shelter,1,30183
Bench,1,30184
,,30185
,,30186
,,30187
,,30188
,,30189
,,30190
,,30191
,,30192
,,30193
,,30194
,,30195
Unheated Shelter,1,30196
,,30197
,,30198
Bench,1,30199
Unheated Shelter,1,30199
,,30200
,,30201
,,30202
,,30203
,,30204
,,30205
Unheated Shelter,1,30206
Unheated Shelter,1,30207
Unheated Shelter,1,30209
,,30210
,,30211
,,30212
,,30213
,,30214
,,30215
,,30216
,,30217
,,30218
Bench,1,30219
Unheated Shelter,1,30220
,,30221
,,30222
,,30223
,,30224
,,30225
,,30226
,,30227
,,30228
,,30229
,,30230
,,30231
,,30232
,,30233
,,30234
,,30235
,,30236
,,30237
Bench,1,30238
Unheated Shelter,1,30238
,,30239
Bench,1,30240
,,30241
,,30242
,,30243
,,30244
,,30245
Bench,1,30246
,,30247
Heated Shelter,1,30248
,,30249
,,30250
,,30252
,,30254
,,30255
,,30256
Unheated Shelter,1,30257
,,30258
,,30259
,,30260
Bench,1,30261
Unheated Shelter,1,30261
,,30262
Unheated Shelter,1,30263
Unheated Shelter,1,30264
,,30265
,,30266
,,30267
,,30268
,,30269
,,30270
,,30271
,,30272
,,30276
,,30277
,,30278
,,30279
,,30280
,,30281
,,30285
,,30289
,,30290
,,30296
,,30299
Unheated Shelter,1,30300
,,30301
,,30302
,,30303
Unheated Shelter,1,30304
,,30305
,,30306
,,30307
,,30308
,,30309
,,30310
,,30311
Bench,1,30312
Unheated Shelter,1,30312
,,30313
,,30314
,,30315
,,30317
,,30319
,,30320
,,30321
,,30322
,,30323
,,30324
,,30325
,,30326
,,30327
,,30328
,,30329
,,30330
,,30331
,,30332
,,30335
Bench,1,30337
Unheated Shelter,1,30337
Bench,1,30338
Unheated Shelter,1,30338
Bench,1,30339
Unheated Shelter,1,30339
,,30340
,,30341
,,30342
,,30343
,,30344
,,30345
,,30346
,,30347
,,30348
,,30349
,,30350
,,30351
,,30352
,,30353
Bench,1,30354
Unheated Shelter,1,30354
Bench,1,30355
Unheated Shelter,1,30355
Bench,1,30356
Bench,1,30357
,,30358
Bench,1,30359
,,30360
Bench,1,30361
Bench,1,30362
Bench,1,30363
Unheated Shelter,1,30363
Bench,1,30365
Unheated Shelter,1,30365
Bench,1,30366
Unheated Shelter,1,30366
Bench,1,30367
Unheated Shelter,1,30368
Bench,1,30369
,,30370
Bench,1,30371
Unheated Shelter,1,30371
Bench,1,30372
Unheated Shelter,1,30372
,,30373
Bench,1,30374
Unheated Shelter,1,30374
Bench,1,30375
Bench,1,30376
Park and Ride,1,30376
Unheated Shelter,1,30376
BUSwatch Electronic Sign,1,30377
Bench,1,30378
Unheated Shelter,1,30378
BUSwatch Electronic Sign,1,30379
Bench,1,30379
Bench,1,30380
Unheated Shelter,1,30380
Bench,1,30381
Unheated Shelter,1,30381
Bench,1,30383
Bench,1,30384
Unheated Shelter,1,30384
Bench,1,30386
Unheated Shelter,1,30387
,,30388
,,30389
,,30390
,,30391
Bench,1,30392
Bench,1,30393
Unheated Shelter,1,30393
Bench,1,30394
Bench,1,30395
Unheated Shelter,1,30395
Bench,1,30396
Unheated Shelter,1,30396
Bench,1,30397
Bench,1,30398
,,30399
,,30401
,,30402
,,30403
,,30405
,,30406
,,30410
,,30411
,,30412
,,30413
Bench,1,30414
Unheated Shelter,1,30414
Unheated Shelter,1,30416
,,30417
,,30418
,,30419
,,30420
Unheated Shelter,1,30421
,,30424
Bench,1,30425
Bench,1,30426
,,30427
,,30429
,,30432
Bench,1,30433
,,30434
Bench,2,30436
Park and Ride,1,30436
Unheated Shelter,1,30436
Bench,1,30437
Bench,1,30438
Bench,1,30439
Unheated Shelter,1,30439
,,30440
,,30441
,,30442
,,30443
,,30444
,,30445
,,30446
,,30447
Bench,1,30448
,,30449
,,30450
,,30451
,,30452
,,30453
,,30454
,,30456
,,30457
,,30458
Bench,1,30459
,,30461
Bench,1,30462
Bench,1,30463
,,30464
,,30465
,,30466
Bench,1,30467
,,30468
,,30470
,,30472
,,30474
,,30475
Bench,1,30476
Unheated Shelter,1,30476
,,30477
,,30478
,,30479
,,30480
,,30481
,,30482
,,30483
,,30484
,,30485
,,30486
Bench,1,30487
,,30488
,,30489
,,30490
Unheated Shelter,1,30491
,,30492
,,30493
,,30494
,,30495
,,30496
,,30497
,,30498
,,30499
Bench,1,30500
Heated Shelter,1,30500
Bench,1,30501
Bench,1,30502
,,30503
,,30504
,,30505
,,30506
,,30507
Bench,1,30509
Bench,1,30510
Unheated Shelter,1,30510
,,30514
,,30515
,,30517
,,30518
Unheated Shelter,1,30519
,,30520
,,30521
,,30525
,,30526
,,30527
,,30528
Unheated Shelter,1,30531
,,30532
,,30533
,,30534
,,30535
,,30536
,,30537
,,30538
Unheated Shelter,1,30539
,,30540
,,30541
Unheated Shelter,1,30542
Unheated Shelter,1,30543
,,30544
Bench,1,30545
,,30546
,,30547
,,30548
,,30549
,,30550
,,30551
,,30552
,,30553
,,30554
,,30555
,,30556
,,30557
,,30558
,,30559
,,30560
,,30563
Unheated Shelter,1,30564
,,30565
,,30566
Bench,1,30567
Bench,1,30568
Bench,1,30569
Bench,1,30570
Bench,1,30571
Bench,1,30572
Bench,1,30573
Bench,1,30574
Bench,1,30575
Bench,1,30576
Bench,1,30577
,,30578
Bench,1,30579
Bench,1,30580
Bench,1,30581
Unheated Shelter,1,30581
Bench,1,30582
Unheated Shelter,1,30582
,,30583
,,30584
,,30585
,,30586
Unheated Shelter,1,30587
,,30588
Bench,1,30589
Unheated Shelter,1,30589
Bench,1,30590
,,30594
,,30595
Bench,1,30596
,,30597
,,30598
Unheated Shelter,1,30599
Unheated Shelter,1,30600
Bench,1,30601
Unheated Shelter,1,30601
Bench,1,30602
Bench,1,30603
Unheated Shelter,1,30603
,,30604
,,30605
,,30606
Bench,1,30607
Unheated Shelter,1,30607
,,30608
,,30609
,,30610
,,30611
Bench,1,30612
Bench,1,30613
Unheated Shelter,1,30614
,,30615
,,30616
,,30617
,,30618
,,30619
,,30620
Bench,1,30621
Bench,1,30622
,,30623
,,30624
Bench,1,30625
Unheated Shelter,1,30626
,,30627
,,30628
,,30629
,,30630
,,30631
Bench,1,30632
Unheated Shelter,1,30632
Bench,1,30633
Unheated Shelter,1,30633
,,30634
,,30635
,,30636
,,30637
,,30638
,,30639
Bench,1,30640
Bench,1,30641
,,30642
Bench,1,30643
Bench,1,30644
Bench,1,30645
,,30646
,,30647
,,30648
,,30649
,,30650
Bench,1,30651
Bench,1,30652
Bench,1,30653
,,30654
,,30655
,,30656
,,30657
,,30658
Unheated Shelter,1,30659
Bench,1,30660
Bench,1,30661
,,30662
,,30663
,,30664
,,30665
,,30666
Unheated Shelter,1,30667
Bench,1,30668
Unheated Shelter,1,30668
Unheated Shelter,1,30669
,,30670
Bench,1,30671
Bench,1,30672
,,30673
,,30674
,,30675
,,30676
Unheated Shelter,1,30677
Unheated Shelter,1,30678
,,30679
,,30680
,,30681
,,30682
,,30683
,,30684
Unheated Shelter,1,30685
,,30686
,,30687
,,30688
Bench,1,30689
Unheated Shelter,1,30689
Unheated Shelter,2,30690
,,30691
,,30692
Bench,1,30693
,,30694
,,30695
,,30696
,,30698
,,30699
,,30700
Bench,1,30701
,,30702
,,30703
,,30704
,,30705
,,30706
,,30707
Unheated Shelter,1,30708
,,30709
,,30710
,,30711
,,30712
,,30713
,,30714
,,30715
,,30716
Bench,1,30717
,,30718
,,30719
Bench,1,30720
Bench,1,30721
Heated Shelter,1,30721
,,30722
,,30723
,,30724
,,30725
,,30726
,,30727
,,30728
,,30729
,,30730
,,30731
,,30732
,,30733
,,30734
,,30735
,,30736
,,30737
,,30738
,,30739
Bench,1,30740
,,30741
,,30742
,,30743
,,30744
Bench,1,30747
Bench,2,30748
Unheated Shelter,1,30748
,,30749
,,30750
,,30751
,,30753
Bench,1,30754
Unheated Shelter,1,30754
Bench,1,30755
,,30756
,,30757
Bench,1,30758
,,30760
,,30762
,,30763
Unheated Shelter,1,30764
Bench,1,30765
,,30767
,,30768
Bench,1,30769
,,30770
,,30771
Bench,1,30772
Unheated Shelter,1,30772
Bench,1,30773
,,30774
,,30777
BUSwatch Electronic Sign,1,30779
Bench,1,30779
Heated Shelter,1,30779
BUSwatch Electronic Sign,1,30780
,,30781
Bench,1,30782
Bench,1,30783
,,30784
,,30785
,,30786
,,30787
,,30788
Bench,1,30789
,,30791
Bench,1,30792
Bench,1,30793
,,30794
,,30795
,,30796
,,30797
,,30798
,,30799
Bench,1,30800
Bench,1,30801
Bench,1,30802
Bench,1,30803
,,30804
,,30805
,,30806
,,30807
,,30808
,,30809
Bench,1,30810
Unheated Shelter,1,30810
Bench,1,30811
Unheated Shelter,1,30811
,,30812
Bench,1,30813
Bench,1,30814
Bench,1,30815
Bench,1,30816
Bench,1,30817
Bench,1,30818
,,30819
,,30821
,,30824
,,30825
,,30826
,,30827
,,30828
,,30829
,,30832
,,30836
,,30837
,,30838
,,30839
,,30840
,,30841
,,30842
,,30843
,,30846
,,30847
,,30848
,,30849
,,30850
,,30851
,,30852
Unheated Shelter,1,30853
,,30854
,,30855
,,30856
,,30857
,,30858
,,30859
,,30860
,,30861
,,30862
,,30863
,,30865
,,30866
,,30867
Unheated Shelter,1,30868
,,30869
,,30870
Bench,1,30871
,,30872
,,30873
,,30874
Bench,1,30875
,,30876
,,30877
,,30878
Bench,1,30879
Unheated Shelter,1,30879
Bench,1,30880
,,30881
,,30882
,,30883
Bench,1,30884
,,30885
,,30887
,,30888
,,30889
BUSwatch Electronic Sign,1,30890
Bench,2,30890
Unheated Shelter,1,30890
,,30891
,,30892
Bench,1,30893
Unheated Shelter,1,30893
Bench,1,30894
Bench,1,30896
Bench,1,30897
,,30898
,,30899
,,30900
,,30901
,,30902
,,30903
,,30904
,,30905
,,30906
,,30907
,,30908
,,30909
,,30910
,,30911
,,30912
Bench,1,30913
Unheated Shelter,1,30913
,,30914
,,30915
,,30916
,,30917
,,30918
,,30919
,,30920
,,30921
,,30922
,,30923
,,30924
,,30925
,,30926
,,30927
,,30928
,,30929
,,30930
,,30931
,,30932
,,30933
,,30934
Bench,1,30935
,,30936
,,30937
,,30938
,,30939
,,30940
,,30941
,,30942
,,30943
,,30944
,,30945
,,30946
,,30947
,,30948
,,30949
,,30950
,,30951
,,30952
,,30953
,,30954
,,30955
,,30956
,,30957
,,30959
,,30960
,,30961
,,30962
,,30963
,,30964
,,30965
,,30966
,,30967
,,30968
,,30969
,,30970
,,30971
,,30972
,,30973
,,30974
,,30975
,,30976
,,30977
,,30978
,,30979
